id,full_name,fork,created_at,first_commit,days_active,last_commit,commits_count,commits_f_1w,commits_f_1m,commits_f_6m,commits_f_1y,commits_f_all,issues_count,issues_f_1w,issues_f_1m,issues_f_6m,issues_f_1y,issues_f_all,closed_issues_count,closed_issues_f_1w,closed_issues_f_1m,closed_issues_f_6m,closed_issues_f_1y,closed_issues_f_all,closed_issues_time_1w,closed_issues_time_1m,closed_issues_time_6m,closed_issues_time_1y,closed_issues_time_all,comments_count,comments_f_1w,comments_f_1m,comments_f_6m,comments_f_1y,comments_f_all,pulls_count,pulls_f_1w,pulls_f_1m,pulls_f_6m,pulls_f_1y,pulls_f_all,closed_pulls_count,closed_pulls_f_1w,closed_pulls_f_1m,closed_pulls_f_6m,closed_pulls_f_1y,closed_pulls_f_all,closed_pulls_time_1w,closed_pulls_time_1m,closed_pulls_time_6m,closed_pulls_time_1y,closed_pulls_time_all,pulls_comments_count,pulls_comments_f_1w,pulls_comments_f_1m,pulls_comments_f_6m,pulls_comments_f_1y,pulls_comments_f_all,events_count,events_f_1w,events_f_1m,events_f_6m,events_f_1y,events_f_all,contrib_count,contrib_others,contrib_p25_1w,contrib_p50_1w,contrib_p75_1w,contrib_p25_1m,contrib_p50_1m,contrib_p75_1m,contrib_p25_6m,contrib_p50_6m,contrib_p75_6m,contrib_p25_1y,contrib_p50_1y,contrib_p75_1y,contrib_p25_all,contrib_p50_all,contrib_p75_all,ccomments_count,ccomments_f_1w,ccomments_f_1m,ccomments_f_6m,ccomments_f_1y,ccomments_f_all,forks_count,forks_f_1w,forks_f_1m,forks_f_6m,forks_f_1y,forks_f_all,freq_ratio,percentage_remains,future_freq_1w,future_freq_1m,future_freq_6m,future_freq_1y
27184425,olmokramer/atom-dark-flat-ui,False,2014-11-26T16:00:00Z,2014-11-26,76,2015-02-09,52,0.0,0.5,0.6842105263160001,0.6842105263160001,0.6842105263160001,2,0.0,0.03125,0.026315789473700002,0.026315789473700002,0.026315789473700002,2,0.0,0.03125,0.026315789473700002,0.026315789473700002,0.026315789473700002,?,1.0,0.5,0.5,0.5,13,0.0,0.3125,0.17105263157900003,0.17105263157900003,0.17105263157900003,0,0.0,0.0,0.0,0.0,0.0,0,0.0,0.0,0.0,0.0,0.0,?,?,?,?,?,0,0.0,0.0,0.0,0.0,0.0,49,0.0,1.09375,0.644736842105,0.644736842105,0.644736842105,1,0,1.0,1.0,1.0,1.0,1.0,1.0,1.0,1.0,1.0,1.0,1.0,1.0,1,1,1,0,0.0,0.0,0.0,0.0,0.0,1,0.0,0.0,0.013157894736799998,0.013157894736799998,0.013157894736799998,?,20.0,0.25,0.137931034483,?,?
1466512,gnagno/quidgets2,False,2011-03-11T02:55:19Z,2011-03-11,3,2011-03-13,30,10.0,10.0,10.0,10.0,10.0,3,1.0,1.0,1.0,1.0,1.0,2,0.666666666667,0.666666666667,0.666666666667,0.666666666667,0.666666666667,1.5,1.5,1.5,1.5,1.5,2,0.666666666667,0.666666666667,0.666666666667,0.666666666667,0.666666666667,0,0.0,0.0,0.0,0.0,0.0,0,0.0,0.0,0.0,0.0,0.0,?,?,?,?,?,0,0.0,0.0,0.0,0.0,0.0,0,0.0,0.0,0.0,0.0,0.0,1,25,1.0,1.0,1.0,1.0,1.0,1.0,1.0,1.0,1.0,1.0,1.0,1.0,1,1,1,0,0.0,0.0,0.0,0.0,0.0,0,0.0,0.0,0.0,0.0,0.0,0.1,9.090909090910001,0.375,0.09375,0.0162162162162,0.00817438692098
2086490,luislavena/service_wrapper,False,2011-07-22T00:41:29Z,2011-07-18,1130,2014-08-20,49,0.0,0.0,0.0,0.0,0.0433628318584,1,0.0,0.0,0.0,0.0,0.000884955752212,1,0.0,0.0,0.0,0.0,0.000884955752212,?,?,?,?,6.0,8,0.0,0.0,0.0,0.0,0.0070796460177,0,0.0,0.0,0.0,0.0,0.0,0,0.0,0.0,0.0,0.0,0.0,?,?,?,?,?,0,0.0,0.0,0.0,0.0,0.0,0,0.0,0.0,0.0,0.0,0.0,1,0,1.0,1.0,1.0,1.0,1.0,1.0,1.0,1.0,1.0,1.0,1.0,1.0,1,1,1,0,0.0,0.0,0.0,0.0,0.0,2,0.0,0.0,0.0,0.00273224043716,0.0017699115044200002,?,2.0,0.0,0.0,0.005405405405409999,?
1331176,jacobat/hop,False,2011-02-05T10:58:41Z,2011-02-05,1,2011-02-05,14,14.0,14.0,14.0,14.0,14.0,8,8.0,8.0,8.0,8.0,8.0,8,8.0,8.0,8.0,8.0,8.0,851.875,851.875,851.875,851.875,851.875,3,3.0,3.0,3.0,3.0,3.0,0,0.0,0.0,0.0,0.0,0.0,0,0.0,0.0,0.0,0.0,0.0,?,?,?,?,?,0,0.0,0.0,0.0,0.0,0.0,0,0.0,0.0,0.0,0.0,0.0,1,0,1.0,1.0,1.0,1.0,1.0,1.0,1.0,1.0,1.0,1.0,1.0,1.0,1,1,1,0,0.0,0.0,0.0,0.0,0.0,0,0.0,0.0,0.0,0.0,0.0,0.0,0.0,0.0,0.0,0.0,0.0
25007386,pofystyy/ruby,False,2014-10-09T20:31:59Z,2014-10-09,2,2014-10-10,11,5.5,5.5,5.5,5.5,5.5,1,0.5,0.5,0.5,0.5,0.5,0,0.0,0.0,0.0,0.0,0.0,?,?,?,?,?,0,0.0,0.0,0.0,0.0,0.0,0,0.0,0.0,0.0,0.0,0.0,0,0.0,0.0,0.0,0.0,0.0,?,?,?,?,?,0,0.0,0.0,0.0,0.0,0.0,0,0.0,0.0,0.0,0.0,0.0,1,0,1.0,1.0,1.0,1.0,1.0,1.0,1.0,1.0,1.0,1.0,1.0,1.0,1,1,1,3,1.5,1.5,1.5,1.5,1.5,0,0.0,0.0,0.0,0.0,0.0,?,0.0,0.0,0.0,?,?
8819026,kozko2001/stash-extension,False,2013-03-16T13:21:29Z,2013-03-16,243,2013-11-13,6,0.0,0.0,0.0,0.0246913580247,0.0246913580247,1,0.0,0.0,0.0,0.00411522633745,0.00411522633745,0,0.0,0.0,0.0,0.0,0.0,?,?,?,?,?,0,0.0,0.0,0.0,0.0,0.0,0,0.0,0.0,0.0,0.0,0.0,0,0.0,0.0,0.0,0.0,0.0,?,?,?,?,?,0,0.0,0.0,0.0,0.0,0.0,0,0.0,0.0,0.0,0.0,0.0,1,0,1.0,1.0,1.0,1.0,1.0,1.0,1.0,1.0,1.0,1.0,1.0,1.0,1,1,1,0,0.0,0.0,0.0,0.0,0.0,0,0.0,0.0,0.0,0.0,0.0,0.5,33.3333333333,0.0,0.0,0.005494505494510001,0.008196721311479999
23097969,hechangmin/hechangmin.github.com,False,2014-08-19T05:25:45Z,2014-08-19,60,2014-10-17,12,0.0,0.0,0.2,0.2,0.2,6,0.0,0.0,0.1,0.1,0.1,0,0.0,0.0,0.0,0.0,0.0,?,?,?,?,?,2,0.0,0.0,0.0333333333333,0.0333333333333,0.0333333333333,0,0.0,0.0,0.0,0.0,0.0,0,0.0,0.0,0.0,0.0,0.0,?,?,?,?,?,0,0.0,0.0,0.0,0.0,0.0,0,0.0,0.0,0.0,0.0,0.0,1,0,1.0,1.0,1.0,1.0,1.0,1.0,1.0,1.0,1.0,1.0,1.0,1.0,1,1,1,0,0.0,0.0,0.0,0.0,0.0,0,0.0,0.0,0.0,0.0,0.0,?,20.0,0.0,0.0,?,?
25810008,wlihuay/hello-world,False,2014-10-27T08:37:09Z,2014-10-27,1,2014-10-27,1,1.0,1.0,1.0,1.0,1.0,1,1.0,1.0,1.0,1.0,1.0,0,0.0,0.0,0.0,0.0,0.0,?,?,?,?,?,0,0.0,0.0,0.0,0.0,0.0,0,0.0,0.0,0.0,0.0,0.0,0,0.0,0.0,0.0,0.0,0.0,?,?,?,?,?,0,0.0,0.0,0.0,0.0,0.0,0,0.0,0.0,0.0,0.0,0.0,1,0,1.0,1.0,1.0,1.0,1.0,1.0,1.0,1.0,1.0,1.0,1.0,1.0,1,1,1,0,0.0,0.0,0.0,0.0,0.0,0,0.0,0.0,0.0,0.0,0.0,?,0.0,0.0,0.0,?,?
26254042,alanhdu/Vind,False,2014-11-06T04:36:49Z,2014-10-30,12,2014-11-10,13,1.125,1.08333333333,1.08333333333,1.08333333333,1.08333333333,1,0.125,0.08333333333330001,0.08333333333330001,0.08333333333330001,0.08333333333330001,0,0.0,0.0,0.0,0.0,0.0,?,?,?,?,?,0,0.0,0.0,0.0,0.0,0.0,0,0.0,0.0,0.0,0.0,0.0,0,0.0,0.0,0.0,0.0,0.0,?,?,?,?,?,0,0.0,0.0,0.0,0.0,0.0,0,0.0,0.0,0.0,0.0,0.0,1,0,1.0,1.0,1.0,1.0,1.0,1.0,1.0,1.0,1.0,1.0,1.0,1.0,1,1,1,0,0.0,0.0,0.0,0.0,0.0,0,0.0,0.0,0.0,0.0,0.0,?,58.064516129,0.875,0.5806451612899999,?,?
28496330,sarahbethfederman/Chadder-Redesign,False,2014-12-26T02:01:07Z,2014-12-24,68,2015-03-01,21,0.0,0.0689655172414,0.308823529412,0.308823529412,0.308823529412,1,0.125,0.0344827586207,0.0147058823529,0.0147058823529,0.0147058823529,0,0.0,0.0,0.0,0.0,0.0,?,?,?,?,?,0,0.0,0.0,0.0,0.0,0.0,0,0.0,0.0,0.0,0.0,0.0,0,0.0,0.0,0.0,0.0,0.0,?,?,?,?,?,0,0.0,0.0,0.0,0.0,0.0,19,0.125,0.103448275862,0.279411764706,0.279411764706,0.279411764706,1,0,1.0,1.0,1.0,1.0,1.0,1.0,1.0,1.0,1.0,1.0,1.0,1.0,1,1,1,0,0.0,0.0,0.0,0.0,0.0,0,0.0,0.0,0.0,0.0,0.0,?,4.54545454545,0.0,?,?,?
4020118,hulu/GrannySmith,False,2012-04-13T20:45:50Z,2012-01-10,621,2013-09-21,156,0.0,0.0,0.0486486486486,0.131147540984,0.251207729469,9,0.0,0.0,0.0,0.0136612021858,0.0144927536232,4,0.0,0.0,0.0,0.00273224043716,0.00644122383253,?,?,?,0.0,2.5,9,0.0,0.0,0.0,0.00546448087432,0.0144927536232,1,0.0,0.0,0.0,0.00273224043716,0.0016103059581300003,1,0.0,0.0,0.0,0.00273224043716,0.0016103059581300003,?,?,?,58.0,58.0,1,0.0,0.0,0.0,0.00273224043716,0.0016103059581300003,0,0.0,0.0,0.0,0.0,0.0,2,11,1.0,1.0,1.0,1.0,1.0,1.0,1.0,1.0,1.0,1.0,1.0,1.0,1,1,1,0,0.0,0.0,0.0,0.0,0.0,17,0.0,0.0,0.0162162162162,0.0273224043716,0.027375201288200004,0.115384615385,10.3448275862,0.0,0.0645161290323,0.0989010989011,0.0491803278689
4019959,JumpstartLab/blogger,False,2012-04-13T20:28:57Z,2011-01-22,684,2012-12-05,37,0.0,0.0,0.0108695652174,0.027247956403299998,0.054093567251500004,1,0.0,0.0,0.0054347826087,0.00272479564033,0.00146198830409,1,0.0,0.0,0.0054347826087,0.00272479564033,0.00146198830409,?,?,7.0,7.0,7.0,5,0.0,0.0,0.0271739130435,0.0136239782016,0.00730994152047,1,0.0,0.0,0.0054347826087,0.00272479564033,0.00146198830409,1,0.0,0.0,0.0054347826087,0.00272479564033,0.00146198830409,?,?,0.0,0.0,0.0,1,0.0,0.0,0.0054347826087,0.00272479564033,0.00146198830409,0,0.0,0.0,0.0,0.0,0.0,4,0,1.0,1.0,1.0,1.0,1.0,1.0,1.0,1.0,2.0,1.0,1.0,1.0,1,1,2,0,0.0,0.0,0.0,0.0,0.0,6,0.0,0.0,0.0326086956522,0.016348773842,0.00877192982456,0.0540540540541,5.128205128209999,0.0,0.0,0.0,0.00546448087432
1518764,afeld/magickly,False,2011-03-23T23:34:06Z,2011-03-23,834,2013-07-03,245,0.0,0.0,0.153846153846,0.0901639344262,0.29376498801,21,0.0,0.0,0.043956043956,0.0355191256831,0.025179856115099996,12,0.0,0.0,0.032967032967,0.0191256830601,0.0143884892086,?,?,283.0,255.28571428599997,211.16666666700002,17,0.0,0.0,0.0494505494505,0.0273224043716,0.020383693045599997,6,0.0,0.0,0.0274725274725,0.016393442623,0.00719424460432,6,0.0,0.0,0.0274725274725,0.016393442623,0.00719424460432,?,?,0.2,23.3333333333,23.3333333333,12,0.0,0.0,0.0659340659341,0.032786885245900003,0.0143884892086,0,0.0,0.0,0.0,0.0,0.0,3,5,1.0,1.0,1.0,1.0,1.0,1.0,1.0,1.0,2.0,1.0,1.0,2.0,1,1,1,0,0.0,0.0,0.0,0.0,0.0,15,0.0,0.0,0.021978021978,0.0191256830601,0.017985611510799998,?,21.974522293000003,0.0,0.3125,0.0540540540541,0.0765027322404
5997920,onitake/uninno,False,2012-09-28T13:50:31Z,2012-09-27,683,2014-08-10,22,0.0,0.0,0.0,0.024590163934400004,0.0322108345534,1,0.0,0.0,0.0,0.0,0.00146412884334,0,0.0,0.0,0.0,0.0,0.0,?,?,?,?,?,2,0.0,0.0,0.0,0.0,0.00292825768668,0,0.0,0.0,0.0,0.0,0.0,0,0.0,0.0,0.0,0.0,0.0,?,?,?,?,?,0,0.0,0.0,0.0,0.0,0.0,0,0.0,0.0,0.0,0.0,0.0,1,0,1.0,1.0,1.0,1.0,1.0,1.0,1.0,1.0,1.0,1.0,1.0,1.0,1,1,1,0,0.0,0.0,0.0,0.0,0.0,0,0.0,0.0,0.0,0.0,0.0,?,35.2941176471,0.0,0.0,0.06486486486490001,?
25485307,frodo--baggins/hello-world,False,2014-10-20T20:31:56Z,2014-10-20,1,2014-10-20,1,1.0,1.0,1.0,1.0,1.0,1,1.0,1.0,1.0,1.0,1.0,0,0.0,0.0,0.0,0.0,0.0,?,?,?,?,?,0,0.0,0.0,0.0,0.0,0.0,0,0.0,0.0,0.0,0.0,0.0,0,0.0,0.0,0.0,0.0,0.0,?,?,?,?,?,0,0.0,0.0,0.0,0.0,0.0,0,0.0,0.0,0.0,0.0,0.0,1,0,1.0,1.0,1.0,1.0,1.0,1.0,1.0,1.0,1.0,1.0,1.0,1.0,1,1,1,0,0.0,0.0,0.0,0.0,0.0,0,0.0,0.0,0.0,0.0,0.0,?,0.0,0.0,0.0,?,?
9681040,pastekit/twist,False,2013-04-25T20:47:45Z,2014-04-27,198,2014-11-10,82,0.75,0.1875,0.145945945946,0.414141414141,0.414141414141,26,0.0,0.0,0.010810810810799999,0.020202020201999998,0.020202020201999998,23,0.0,0.0,0.0,0.00505050505051,0.00505050505051,?,?,?,0.0,0.0,3,0.0,0.0,0.0,0.010101010100999999,0.010101010100999999,1,0.0,0.0,0.005405405405409999,0.00505050505051,0.00505050505051,1,0.0,0.0,0.005405405405409999,0.00505050505051,0.00505050505051,?,?,0.0,0.0,0.0,0,0.0,0.0,0.0,0.0,0.0,0,0.0,0.0,0.0,0.0,0.0,1,0,1.0,1.0,1.0,1.0,1.0,1.0,1.0,1.0,1.0,1.0,1.0,1.0,1,1,1,2,0.0,0.0,0.0,0.00505050505051,0.00505050505051,1,0.0,0.0,0.0,0.0,0.0,?,60.576923076899995,0.0,0.483870967742,?,?
3665050,damm/graphite,False,2012-03-08T22:23:38Z,2012-03-08,933,2014-09-26,56,0.0,0.03125,0.005405405405409999,0.008196721311479999,0.06002143622719999,2,0.0,0.0,0.0,0.00273224043716,0.0021436227224,2,0.0,0.0,0.0,0.00273224043716,0.0021436227224,?,?,?,273.0,156.5,2,0.0,0.0,0.005405405405409999,0.00273224043716,0.0021436227224,0,0.0,0.0,0.0,0.0,0.0,0,0.0,0.0,0.0,0.0,0.0,?,?,?,?,?,0,0.0,0.0,0.0,0.0,0.0,0,0.0,0.0,0.0,0.0,0.0,1,1,1.0,1.0,1.0,1.0,1.0,1.0,1.0,1.0,1.0,1.0,1.0,1.0,1,1,1,0,0.0,0.0,0.0,0.0,0.0,2,0.0,0.0,0.0,0.0,0.0021436227224,?,3.4482758620699996,0.0,0.0645161290323,0.010989010989,?
23082546,btwael/locallydb,False,2014-08-18T18:52:43Z,2014-08-18,140,2015-01-04,29,0.0,0.0,0.207142857143,0.207142857143,0.207142857143,4,0.0,0.0,0.0285714285714,0.0285714285714,0.0285714285714,4,0.0,0.0,0.0285714285714,0.0285714285714,0.0285714285714,?,?,0.5,0.5,0.5,8,0.0,0.0,0.0571428571429,0.0571428571429,0.0571428571429,3,0.0,0.0,0.0214285714286,0.0214285714286,0.0214285714286,3,0.0,0.0,0.0214285714286,0.0214285714286,0.0214285714286,?,?,0.0,0.0,0.0,4,0.0,0.0,0.0285714285714,0.0285714285714,0.0285714285714,4,0.125,0.125,0.0285714285714,0.0285714285714,0.0285714285714,3,0,1.0,1.0,1.0,1.0,1.0,1.0,1.0,1.0,1.0,1.0,1.0,1.0,1,1,1,3,0.0,0.0,0.0214285714286,0.0214285714286,0.0214285714286,5,0.0,0.0,0.035714285714300006,0.035714285714300006,0.035714285714300006,?,6.451612903230001,0.0,0.0625,?,?
775738,apg/tweetmap,False,2010-07-15T00:19:13Z,2010-07-15,1,2010-07-15,1,1.0,1.0,1.0,1.0,1.0,1,1.0,1.0,1.0,1.0,1.0,0,0.0,0.0,0.0,0.0,0.0,?,?,?,?,?,0,0.0,0.0,0.0,0.0,0.0,0,0.0,0.0,0.0,0.0,0.0,0,0.0,0.0,0.0,0.0,0.0,?,?,?,?,?,0,0.0,0.0,0.0,0.0,0.0,0,0.0,0.0,0.0,0.0,0.0,1,0,1.0,1.0,1.0,1.0,1.0,1.0,1.0,1.0,1.0,1.0,1.0,1.0,1,1,1,0,0.0,0.0,0.0,0.0,0.0,0,0.0,0.0,0.0,0.0,0.0,0.0,0.0,0.0,0.0,0.0,0.0
26595733,mechairoi/purescript-hatter,False,2014-11-13T16:04:27Z,2014-11-13,33,2014-12-15,10,0.125,0.290322580645,0.30303030303,0.30303030303,0.30303030303,1,0.125,0.0322580645161,0.030303030303,0.030303030303,0.030303030303,0,0.0,0.0,0.0,0.0,0.0,?,?,?,?,?,0,0.0,0.0,0.0,0.0,0.0,0,0.0,0.0,0.0,0.0,0.0,0,0.0,0.0,0.0,0.0,0.0,?,?,?,?,?,0,0.0,0.0,0.0,0.0,0.0,2,0.25,0.0645161290323,0.0606060606061,0.0606060606061,0.0606060606061,1,0,1.0,1.0,1.0,1.0,1.0,1.0,1.0,1.0,1.0,1.0,1.0,1.0,1,1,1,0,0.0,0.0,0.0,0.0,0.0,0,0.0,0.0,0.0,0.0,0.0,?,47.368421052600006,1.125,0.28125,?,?
14220368,JustinGA/AnyQuestions,False,2013-11-08T00:47:47Z,2013-11-08,65,2014-01-11,172,0.0,0.0,2.6461538461500003,2.6461538461500003,2.6461538461500003,1,0.0,0.0,0.0153846153846,0.0153846153846,0.0153846153846,1,0.0,0.0,0.0153846153846,0.0153846153846,0.0153846153846,?,?,1.0,1.0,1.0,0,0.0,0.0,0.0,0.0,0.0,55,0.0,0.0,0.846153846154,0.846153846154,0.846153846154,55,0.0,0.0,0.846153846154,0.846153846154,0.846153846154,?,?,2.98181818182,2.98181818182,2.98181818182,0,0.0,0.0,0.0,0.0,0.0,0,0.0,0.0,0.0,0.0,0.0,4,0,1.0,1.0,1.0,1.0,1.0,1.0,1.0,1.0,2.0,1.0,1.0,2.0,1,1,2,0,0.0,0.0,0.0,0.0,0.0,2,0.0,0.0,0.0307692307692,0.0307692307692,0.0307692307692,0.0813953488372,8.510638297869999,0.75,0.4375,0.0769230769231,0.0437158469945
21456036,sagnik92/Call-Detail-Record--CDR--Manager,False,2014-07-03T08:54:28Z,2014-07-03,1,2014-07-03,15,15.0,15.0,15.0,15.0,15.0,4,4.0,4.0,4.0,4.0,4.0,0,0.0,0.0,0.0,0.0,0.0,?,?,?,?,?,0,0.0,0.0,0.0,0.0,0.0,0,0.0,0.0,0.0,0.0,0.0,0,0.0,0.0,0.0,0.0,0.0,?,?,?,?,?,0,0.0,0.0,0.0,0.0,0.0,0,0.0,0.0,0.0,0.0,0.0,1,0,1.0,1.0,1.0,1.0,1.0,1.0,1.0,1.0,1.0,1.0,1.0,1.0,1,1,1,2,2.0,2.0,2.0,2.0,2.0,0,0.0,0.0,0.0,0.0,0.0,0.0,0.0,0.0,0.0,0.0,?
10464311,Dman95/SASM,False,2013-06-03T20:46:24Z,2013-06-03,575,2014-12-29,184,0.0,0.0,0.135869565217,0.229508196721,0.32,20,0.0,0.0,0.0217391304348,0.016393442623,0.0347826086957,18,0.0,0.0,0.0163043478261,0.0136612021858,0.0313043478261,?,?,3.66666666667,2.6,19.388888888900002,40,0.0,0.0,0.119565217391,0.09289617486339999,0.0695652173913,3,0.0,0.0,0.0163043478261,0.008196721311479999,0.005217391304350001,3,0.0,0.0,0.0163043478261,0.008196721311479999,0.005217391304350001,?,?,0.33333333333299997,0.33333333333299997,0.33333333333299997,2,0.0,0.0,0.0108695652174,0.00546448087432,0.00347826086957,9,0.375,0.290322580645,0.0489130434783,0.024590163934400004,0.015652173913,3,2,1.0,1.0,1.0,1.0,1.0,1.0,1.0,1.0,1.0,1.0,1.0,1.0,1,1,1,1,0.0,0.0,0.0,0.0,0.0017391304347800002,17,0.0,0.0322580645161,0.08695652173910001,0.046448087431699994,0.0295652173913,?,4.16666666667,0.0,0.0,?,?
19681670,emersonveenstra/vbot,False,2014-05-12T00:59:55Z,2010-12-28,1414,2014-11-10,199,0.0,0.0,0.156756756757,0.16393442622999999,0.140735502122,1,0.0,0.0,0.005405405405409999,0.00273224043716,0.000707213578501,1,0.0,0.0,0.005405405405409999,0.00273224043716,0.000707213578501,?,?,89.0,89.0,89.0,0,0.0,0.0,0.0,0.0,0.0,1,0.125,0.03125,0.005405405405409999,0.00273224043716,0.000707213578501,1,0.125,0.03125,0.005405405405409999,0.00273224043716,0.000707213578501,6.0,6.0,6.0,6.0,6.0,0,0.0,0.0,0.0,0.0,0.0,0,0.0,0.0,0.0,0.0,0.0,10,0,1.0,1.0,1.0,1.0,1.0,1.0,1.0,1.0,1.0,1.0,2.0,2.0,1,2,3,0,0.0,0.0,0.0,0.0,0.0,0,0.0,0.0,0.0,0.0,0.0,?,36.8253968254,0.0,0.0322580645161,?,?
7585802,hssm/anki-addons,False,2013-01-13T07:58:39Z,2013-01-13,557,2014-07-23,91,0.0,0.0,0.032967032967,0.057377049180300004,0.163375224417,9,0.0,0.0322580645161,0.0164835164835,0.0109289617486,0.016157989228000002,8,0.0,0.0,0.010989010989,0.008196721311479999,0.014362657091600001,?,?,26.5,18.0,26.0,53,0.0,0.0322580645161,0.0384615384615,0.08469945355189999,0.0951526032316,2,0.0,0.0,0.005494505494510001,0.00273224043716,0.00359066427289,2,0.0,0.0,0.005494505494510001,0.00273224043716,0.00359066427289,?,?,0.0,0.0,0.0,3,0.0,0.0,0.010989010989,0.00546448087432,0.00538599640934,0,0.0,0.0,0.0,0.0,0.0,3,0,1.0,1.0,1.0,1.0,1.0,1.0,1.0,1.0,1.0,1.0,1.0,1.0,1,1,1,0,0.0,0.0,0.0,0.0,0.0,3,0.0,0.0,0.005494505494510001,0.00273224043716,0.00538599640934,0.043956043956,4.21052631579,0.0,0.0,0.021621621621599998,?
24110040,arlin/sample_taxa,False,2014-09-16T17:30:50Z,2014-09-16,14,2014-09-29,77,0.5,5.5,5.5,5.5,5.5,2,0.125,0.14285714285700002,0.14285714285700002,0.14285714285700002,0.14285714285700002,1,0.0,0.07142857142860001,0.07142857142860001,0.07142857142860001,0.07142857142860001,?,5.0,5.0,5.0,5.0,2,0.125,0.14285714285700002,0.14285714285700002,0.14285714285700002,0.14285714285700002,0,0.0,0.0,0.0,0.0,0.0,0,0.0,0.0,0.0,0.0,0.0,?,?,?,?,?,0,0.0,0.0,0.0,0.0,0.0,0,0.0,0.0,0.0,0.0,0.0,5,7,1.0,1.0,1.0,1.0,2.0,3.0,1.0,2.0,3.0,1.0,2.0,3.0,1,2,3,0,0.0,0.0,0.0,0.0,0.0,1,0.125,0.07142857142860001,0.07142857142860001,0.07142857142860001,0.07142857142860001,0.012987012987,1.28205128205,0.125,0.0322580645161,0.005494505494510001,?
3957935,mnielsen/tiddlylisp,False,2012-04-07T13:33:56Z,2012-04-07,9,2012-04-15,10,0.625,1.11111111111,1.11111111111,1.11111111111,1.11111111111,1,0.125,0.111111111111,0.111111111111,0.111111111111,0.111111111111,1,0.125,0.111111111111,0.111111111111,0.111111111111,0.111111111111,0.0,0.0,0.0,0.0,0.0,1,0.125,0.111111111111,0.111111111111,0.111111111111,0.111111111111,2,0.25,0.222222222222,0.222222222222,0.222222222222,0.222222222222,2,0.25,0.222222222222,0.222222222222,0.222222222222,0.222222222222,3.0,3.0,3.0,3.0,3.0,0,0.0,0.0,0.0,0.0,0.0,0,0.0,0.0,0.0,0.0,0.0,2,0,1.0,1.0,1.0,1.0,1.0,1.0,1.0,1.0,1.0,1.0,1.0,1.0,1,1,1,0,0.0,0.0,0.0,0.0,0.0,5,0.625,0.555555555556,0.555555555556,0.555555555556,0.555555555556,0.4,28.5714285714,0.5,0.12903225806500002,0.0217391304348,0.0109289617486
14625263,vitorleal/ticketvr-android,False,2013-11-22T18:01:20Z,2013-11-21,132,2014-04-01,61,1.0,0.25,0.462121212121,0.462121212121,0.462121212121,19,0.0,0.0,0.143939393939,0.143939393939,0.143939393939,19,0.0,0.0,0.143939393939,0.143939393939,0.143939393939,?,?,34.157894736799996,34.157894736799996,34.157894736799996,5,0.0,0.0,0.0378787878788,0.0378787878788,0.0378787878788,0,0.0,0.0,0.0,0.0,0.0,0,0.0,0.0,0.0,0.0,0.0,?,?,?,?,?,0,0.0,0.0,0.0,0.0,0.0,0,0.0,0.0,0.0,0.0,0.0,1,0,1.0,1.0,1.0,1.0,1.0,1.0,1.0,1.0,1.0,1.0,1.0,1.0,1,1,1,0,0.0,0.0,0.0,0.0,0.0,1,0.0,0.03125,0.00757575757576,0.00757575757576,0.00757575757576,?,3.1746031745999996,0.0,0.0322580645161,0.0054347826087,?
20487501,gatech-csl/jes,False,2014-06-04T14:46:21Z,2014-06-04,89,2014-08-31,185,0.875,2.28125,2.07865168539,2.07865168539,2.07865168539,74,0.0,0.0,0.8314606741570001,0.8314606741570001,0.8314606741570001,26,0.0,0.0,0.292134831461,0.292134831461,0.292134831461,?,?,3.23076923077,3.23076923077,3.23076923077,97,0.0,0.0,1.08988764045,1.08988764045,1.08988764045,0,0.0,0.0,0.0,0.0,0.0,0,0.0,0.0,0.0,0.0,0.0,?,?,?,?,?,0,0.0,0.0,0.0,0.0,0.0,0,0.0,0.0,0.0,0.0,0.0,1,0,1.0,1.0,1.0,1.0,1.0,1.0,1.0,1.0,1.0,1.0,1.0,1.0,1,1,1,0,0.0,0.0,0.0,0.0,0.0,2,0.125,0.03125,0.022471910112400004,0.022471910112400004,0.022471910112400004,?,3.1413612565400006,0.25,0.16129032258099998,0.0274725274725,?
13908430,thatfool/SCAN,False,2013-10-27T19:08:24Z,2013-10-27,36,2013-12-01,6,0.0,0.0645161290323,0.166666666667,0.166666666667,0.166666666667,1,0.0,0.0322580645161,0.0277777777778,0.0277777777778,0.0277777777778,0,0.0,0.0,0.0,0.0,0.0,?,?,?,?,?,0,0.0,0.0,0.0,0.0,0.0,0,0.0,0.0,0.0,0.0,0.0,0,0.0,0.0,0.0,0.0,0.0,?,?,?,?,?,0,0.0,0.0,0.0,0.0,0.0,0,0.0,0.0,0.0,0.0,0.0,0,6,1.0,1.0,1.0,1.0,1.0,1.0,1.0,1.0,1.0,1.0,1.0,1.0,1,1,1,0,0.0,0.0,0.0,0.0,0.0,0,0.0,0.0,0.0,0.0,0.0,0.166666666667,14.2857142857,0.0,0.03125,0.00546448087432,0.00273224043716
22255515,jgraber/Ruby_Incubator,False,2014-07-25T12:08:09Z,2014-07-25,51,2014-09-13,15,0.0,0.09375,0.294117647059,0.294117647059,0.294117647059,5,0.0,0.03125,0.0980392156863,0.0980392156863,0.0980392156863,1,0.0,0.0,0.019607843137299998,0.019607843137299998,0.019607843137299998,?,?,10.0,10.0,10.0,1,0.0,0.0,0.019607843137299998,0.019607843137299998,0.019607843137299998,0,0.0,0.0,0.0,0.0,0.0,0,0.0,0.0,0.0,0.0,0.0,?,?,?,?,?,0,0.0,0.0,0.0,0.0,0.0,0,0.0,0.0,0.0,0.0,0.0,1,0,1.0,1.0,1.0,1.0,1.0,1.0,1.0,1.0,1.0,1.0,1.0,1.0,1,1,1,0,0.0,0.0,0.0,0.0,0.0,0,0.0,0.0,0.0,0.0,0.0,?,28.5714285714,0.25,0.16129032258099998,0.032967032967,?
2617837,tysontate/siri_says,False,2011-10-21T03:07:56Z,2011-10-21,100,2012-01-28,5,0.0,0.0,0.05,0.05,0.05,1,0.0,0.0,0.01,0.01,0.01,1,0.0,0.0,0.01,0.01,0.01,?,?,0.0,0.0,0.0,2,0.0,0.0,0.02,0.02,0.02,0,0.0,0.0,0.0,0.0,0.0,0,0.0,0.0,0.0,0.0,0.0,?,?,?,?,?,0,0.0,0.0,0.0,0.0,0.0,0,0.0,0.0,0.0,0.0,0.0,1,0,1.0,1.0,1.0,1.0,1.0,1.0,1.0,1.0,1.0,1.0,1.0,1.0,1,1,1,0,0.0,0.0,0.0,0.0,0.0,1,0.0,0.0,0.01,0.01,0.01,1.2,54.5454545455,0.0,0.1875,0.032786885245900003,0.016348773842
24057105,samyerkes/generic-t4,False,2014-09-15T13:19:23Z,2014-09-15,40,2014-10-24,22,0.75,0.548387096774,0.55,0.55,0.55,1,0.0,0.0,0.025,0.025,0.025,1,0.0,0.0,0.025,0.025,0.025,?,?,0.0,0.0,0.0,0,0.0,0.0,0.0,0.0,0.0,0,0.0,0.0,0.0,0.0,0.0,0,0.0,0.0,0.0,0.0,0.0,?,?,?,?,?,0,0.0,0.0,0.0,0.0,0.0,0,0.0,0.0,0.0,0.0,0.0,1,0,1.0,1.0,1.0,1.0,1.0,1.0,1.0,1.0,1.0,1.0,1.0,1.0,1,1,1,0,0.0,0.0,0.0,0.0,0.0,0,0.0,0.0,0.0,0.0,0.0,?,50.0,0.25,0.15625,?,?
25781739,alanmc/codepath-Yelp,False,2014-10-26T16:54:37Z,2014-10-26,2,2014-10-27,4,2.0,2.0,2.0,2.0,2.0,1,0.5,0.5,0.5,0.5,0.5,0,0.0,0.0,0.0,0.0,0.0,?,?,?,?,?,0,0.0,0.0,0.0,0.0,0.0,0,0.0,0.0,0.0,0.0,0.0,0,0.0,0.0,0.0,0.0,0.0,?,?,?,?,?,0,0.0,0.0,0.0,0.0,0.0,0,0.0,0.0,0.0,0.0,0.0,1,0,1.0,1.0,1.0,1.0,1.0,1.0,1.0,1.0,1.0,1.0,1.0,1.0,1,1,1,0,0.0,0.0,0.0,0.0,0.0,0,0.0,0.0,0.0,0.0,0.0,?,0.0,0.0,0.0,?,?
29251950,alu3286/social_quiz_TFG,False,2015-01-14T15:53:39Z,2015-01-14,1,2015-01-14,3,3.0,3.0,3.0,3.0,3.0,4,4.0,4.0,4.0,4.0,4.0,3,3.0,3.0,3.0,3.0,3.0,32.0,32.0,32.0,32.0,32.0,0,0.0,0.0,0.0,0.0,0.0,0,0.0,0.0,0.0,0.0,0.0,0,0.0,0.0,0.0,0.0,0.0,?,?,?,?,?,0,0.0,0.0,0.0,0.0,0.0,7,7.0,7.0,7.0,7.0,7.0,1,0,1.0,1.0,1.0,1.0,1.0,1.0,1.0,1.0,1.0,1.0,1.0,1.0,1,1,1,0,0.0,0.0,0.0,0.0,0.0,0,0.0,0.0,0.0,0.0,0.0,?,0.0,0.0,0.0,?,?
2613253,KAHI4/IG-engine,False,2011-10-20T13:23:47Z,2013-04-10,3,2013-04-12,5,1.6666666666699999,1.6666666666699999,1.6666666666699999,1.6666666666699999,1.6666666666699999,2,0.0,0.0,0.0,0.0,0.0,0,0.0,0.0,0.0,0.0,0.0,?,?,?,?,?,0,0.0,0.0,0.0,0.0,0.0,0,0.0,0.0,0.0,0.0,0.0,0,0.0,0.0,0.0,0.0,0.0,?,?,?,?,?,0,0.0,0.0,0.0,0.0,0.0,0,0.0,0.0,0.0,0.0,0.0,1,0,1.0,1.0,1.0,1.0,1.0,1.0,1.0,1.0,1.0,1.0,1.0,1.0,1,1,1,0,0.0,0.0,0.0,0.0,0.0,0,0.0,0.0,0.0,0.0,0.0,0.0,0.0,0.0,0.0,0.0,0.0
21186259,Bryukh-Checkio-Tasks/checkio-mission-letter-queue,False,2014-06-25T01:26:54Z,2014-06-25,6,2014-06-30,11,1.8333333333300001,1.8333333333300001,1.8333333333300001,1.8333333333300001,1.8333333333300001,1,0.166666666667,0.166666666667,0.166666666667,0.166666666667,0.166666666667,1,0.166666666667,0.166666666667,0.166666666667,0.166666666667,0.166666666667,0.0,0.0,0.0,0.0,0.0,3,0.5,0.5,0.5,0.5,0.5,0,0.0,0.0,0.0,0.0,0.0,0,0.0,0.0,0.0,0.0,0.0,?,?,?,?,?,0,0.0,0.0,0.0,0.0,0.0,0,0.0,0.0,0.0,0.0,0.0,1,0,1.0,1.0,1.0,1.0,1.0,1.0,1.0,1.0,1.0,1.0,1.0,1.0,1,1,1,0,0.0,0.0,0.0,0.0,0.0,0,0.0,0.0,0.0,0.0,0.0,0.181818181818,15.3846153846,0.25,0.0625,0.010810810810799999,?
12139748,alienfast/elastic-beanstalk,False,2013-08-15T17:41:56Z,2013-08-15,412,2014-09-30,62,0.0,0.09375,0.05945945945949999,0.057377049180300004,0.150485436893,11,0.0,0.03125,0.027027027026999998,0.0300546448087,0.0266990291262,9,0.0,0.03125,0.0162162162162,0.024590163934400004,0.0218446601942,?,0.0,1.0,6.0,6.0,47,0.375,0.125,0.178378378378,0.128415300546,0.114077669903,3,0.0,0.0,0.005405405405409999,0.008196721311479999,0.00728155339806,3,0.0,0.0,0.005405405405409999,0.008196721311479999,0.00728155339806,?,?,5.0,4.66666666667,4.66666666667,15,0.0,0.0,0.05945945945949999,0.0409836065574,0.0364077669903,0,0.0,0.0,0.0,0.0,0.0,2,0,1.0,1.0,1.0,1.0,1.0,1.0,1.0,1.0,1.0,1.0,1.0,1.0,1,1,1,0,0.0,0.0,0.0,0.0,0.0,5,0.0,0.0,0.010810810810799999,0.0136612021858,0.012135922330100002,?,6.06060606061,0.0,0.0,0.021857923497299998,?
10742840,percy-g2/android_device_totoro,False,2013-06-17T17:28:14Z,2013-06-17,2,2013-06-18,3,1.5,1.5,1.5,1.5,1.5,1,0.5,0.5,0.5,0.5,0.5,1,0.5,0.5,0.5,0.5,0.5,0.0,0.0,0.0,0.0,0.0,1,0.5,0.5,0.5,0.5,0.5,0,0.0,0.0,0.0,0.0,0.0,0,0.0,0.0,0.0,0.0,0.0,?,?,?,?,?,0,0.0,0.0,0.0,0.0,0.0,0,0.0,0.0,0.0,0.0,0.0,1,2,1.0,1.0,1.0,1.0,1.0,1.0,1.0,1.0,1.0,1.0,1.0,1.0,1,1,1,0,0.0,0.0,0.0,0.0,0.0,0,0.0,0.0,0.0,0.0,0.0,0.0,0.0,0.0,0.0,0.0,0.0
9217702,bendavieshe3/rails-brain,False,2013-04-04T12:31:41Z,2013-04-04,176,2013-09-26,17,0.0,0.0,0.0965909090909,0.0965909090909,0.0965909090909,19,0.0,0.0,0.107954545455,0.107954545455,0.107954545455,9,0.0,0.0,0.0511363636364,0.0511363636364,0.0511363636364,?,?,2.0,2.0,2.0,1,0.0,0.0,0.00568181818182,0.00568181818182,0.00568181818182,0,0.0,0.0,0.0,0.0,0.0,0,0.0,0.0,0.0,0.0,0.0,?,?,?,?,?,0,0.0,0.0,0.0,0.0,0.0,0,0.0,0.0,0.0,0.0,0.0,1,0,1.0,1.0,1.0,1.0,1.0,1.0,1.0,1.0,1.0,1.0,1.0,1.0,1,1,1,0,0.0,0.0,0.0,0.0,0.0,0,0.0,0.0,0.0,0.0,0.0,1.70588235294,65.306122449,0.0,0.0,0.175824175824,0.08743169398910001
15977333,mangal-wg/mangal-api,False,2014-01-16T18:46:30Z,2014-01-16,208,2014-08-11,22,0.0,0.0,0.0494505494505,0.105769230769,0.105769230769,4,0.0,0.0,0.005494505494510001,0.0192307692308,0.0192307692308,3,0.0,0.0,0.0,0.014423076923100001,0.014423076923100001,?,?,?,0.0,0.0,3,0.0,0.0,0.0,0.014423076923100001,0.014423076923100001,0,0.0,0.0,0.0,0.0,0.0,0,0.0,0.0,0.0,0.0,0.0,?,?,?,?,?,0,0.0,0.0,0.0,0.0,0.0,0,0.0,0.0,0.0,0.0,0.0,0,22,1.0,1.0,1.0,1.0,1.0,1.0,1.0,1.0,1.0,1.0,1.0,1.0,1,1,1,0,0.0,0.0,0.0,0.0,0.0,0,0.0,0.0,0.0,0.0,0.0,0.272727272727,21.428571428599998,0.0,0.0,0.0324324324324,?
19793606,vstirbu/fsm-as-promised,False,2014-05-14T19:42:22Z,2014-05-14,110,2014-08-31,23,0.0,0.0,0.209090909091,0.209090909091,0.209090909091,1,0.0,0.0,0.00909090909091,0.00909090909091,0.00909090909091,1,0.0,0.0,0.00909090909091,0.00909090909091,0.00909090909091,?,?,0.0,0.0,0.0,0,0.0,0.0,0.0,0.0,0.0,0,0.0,0.0,0.0,0.0,0.0,0,0.0,0.0,0.0,0.0,0.0,?,?,?,?,?,0,0.0,0.0,0.0,0.0,0.0,0,0.0,0.0,0.0,0.0,0.0,1,0,1.0,1.0,1.0,1.0,1.0,1.0,1.0,1.0,1.0,1.0,1.0,1.0,1,1,1,0,0.0,0.0,0.0,0.0,0.0,1,0.0,0.03125,0.00909090909091,0.00909090909091,0.00909090909091,?,47.7272727273,0.0,0.09677419354839999,0.115384615385,?
6333484,ImpressiveCode/ic-depress,False,2012-10-22T10:54:43Z,2012-10-22,233,2013-06-11,393,3.875,3.5625,2.14207650273,1.68669527897,1.68669527897,33,0.0,0.0625,0.180327868852,0.141630901288,0.141630901288,33,0.0,0.0625,0.180327868852,0.141630901288,0.141630901288,?,15.5,31.7575757576,31.7575757576,31.7575757576,6,0.0,0.0,0.032786885245900003,0.0257510729614,0.0257510729614,49,1.125,0.65625,0.26775956284200003,0.210300429185,0.210300429185,49,1.125,0.65625,0.26775956284200003,0.210300429185,0.210300429185,2.44444444444,2.04761904762,0.918367346939,0.918367346939,0.918367346939,9,0.125,0.125,0.0491803278689,0.0386266094421,0.0386266094421,0,0.0,0.0,0.0,0.0,0.0,8,122,1.0,1.0,2.0,1.0,2.0,3.0,1.0,2.0,3.0,1.0,2.0,3.0,1,2,3,0,0.0,0.0,0.0,0.0,0.0,8,0.0,0.0,0.0437158469945,0.0343347639485,0.0343347639485,?,63.4418604651,2.875,2.09677419355,1.5760869565200002,1.00819672131
11509809,jbmere/M-stars-spectralDM-paper,False,2013-07-18T17:59:11Z,2014-01-24,299,2014-11-18,2,0.0,0.0,0.0,0.006688963210699999,0.006688963210699999,1,0.0,0.0,0.0,0.0033444816053499996,0.0033444816053499996,0,0.0,0.0,0.0,0.0,0.0,?,?,?,?,?,0,0.0,0.0,0.0,0.0,0.0,0,0.0,0.0,0.0,0.0,0.0,0,0.0,0.0,0.0,0.0,0.0,?,?,?,?,?,0,0.0,0.0,0.0,0.0,0.0,0,0.0,0.0,0.0,0.0,0.0,1,0,1.0,1.0,1.0,1.0,1.0,1.0,1.0,1.0,1.0,1.0,1.0,1.0,1,1,1,0,0.0,0.0,0.0,0.0,0.0,0,0.0,0.0,0.0,0.0,0.0,?,95.1219512195,0.0,0.0,?,?
22102604,agroff/agroff.github.io,False,2014-07-22T12:12:53Z,2014-07-22,180,2015-01-17,28,0.0,0.0,0.155555555556,0.155555555556,0.155555555556,3,0.0,0.0,0.0166666666667,0.0166666666667,0.0166666666667,1,0.0,0.0,0.005555555555560001,0.005555555555560001,0.005555555555560001,?,?,4.0,4.0,4.0,6,0.0,0.0,0.0333333333333,0.0333333333333,0.0333333333333,0,0.0,0.0,0.0,0.0,0.0,0,0.0,0.0,0.0,0.0,0.0,?,?,?,?,?,0,0.0,0.0,0.0,0.0,0.0,0,0.0,0.0,0.0,0.0,0.0,3,0,1.0,1.0,1.0,1.0,1.0,1.0,1.0,1.0,1.0,1.0,1.0,1.0,1,1,1,0,0.0,0.0,0.0,0.0,0.0,1,0.0,0.0,0.005555555555560001,0.005555555555560001,0.005555555555560001,?,3.4482758620699996,0.0,0.0,?,?
26590226,mapillary/mapillary_localization,False,2014-11-13T14:01:02Z,2014-11-13,22,2014-12-04,103,2.875,4.68181818182,4.68181818182,4.68181818182,4.68181818182,1,0.0,0.0454545454545,0.0454545454545,0.0454545454545,0.0454545454545,0,0.0,0.0,0.0,0.0,0.0,?,?,?,?,?,0,0.0,0.0,0.0,0.0,0.0,21,0.75,0.9545454545450001,0.9545454545450001,0.9545454545450001,0.9545454545450001,20,0.625,0.909090909091,0.909090909091,0.909090909091,0.909090909091,11.6,4.65,4.65,4.65,4.65,33,1.5,1.5,1.5,1.5,1.5,0,0.0,0.0,0.0,0.0,0.0,24,0,1.0,2.0,4.0,2.0,5.0,8.0,2.0,5.0,8.0,2.0,5.0,8.0,2,5,8,0,0.0,0.0,0.0,0.0,0.0,19,0.75,0.863636363636,0.863636363636,0.863636363636,0.863636363636,?,35.2201257862,0.5,0.28125,?,?
26283183,konstantinkobs/brackets-LESShints,False,2014-11-06T18:14:46Z,2014-11-06,62,2015-01-06,2,0.0,0.0,0.0322580645161,0.0322580645161,0.0322580645161,2,0.0,0.0,0.0322580645161,0.0322580645161,0.0322580645161,1,0.0,0.0,0.0161290322581,0.0161290322581,0.0161290322581,?,?,65.0,65.0,65.0,1,0.0,0.0,0.0161290322581,0.0161290322581,0.0161290322581,0,0.0,0.0,0.0,0.0,0.0,0,0.0,0.0,0.0,0.0,0.0,?,?,?,?,?,0,0.0,0.0,0.0,0.0,0.0,2,0.0,0.0625,0.0322580645161,0.0322580645161,0.0322580645161,1,0,1.0,1.0,1.0,1.0,1.0,1.0,1.0,1.0,1.0,1.0,1.0,1.0,1,1,1,0,0.0,0.0,0.0,0.0,0.0,1,0.0,0.03125,0.0161290322581,0.0161290322581,0.0161290322581,?,60.0,0.0,0.0,?,?
16282194,ukrcms/simple-blog,False,2014-01-27T15:02:41Z,2014-01-28,89,2014-04-26,20,0.0,0.03125,0.22471910112399998,0.22471910112399998,0.22471910112399998,7,0.0,0.0,0.0786516853933,0.0786516853933,0.0786516853933,3,0.0,0.0,0.033707865168499995,0.033707865168499995,0.033707865168499995,?,?,5.0,5.0,5.0,0,0.0,0.0,0.0,0.0,0.0,2,0.0,0.0,0.022471910112400004,0.022471910112400004,0.022471910112400004,2,0.0,0.0,0.022471910112400004,0.022471910112400004,0.022471910112400004,?,?,1.0,1.0,1.0,1,0.0,0.0,0.011235955056200002,0.011235955056200002,0.011235955056200002,0,0.0,0.0,0.0,0.0,0.0,3,0,1.0,1.0,1.0,1.0,1.0,1.0,1.0,1.0,2.0,1.0,1.0,2.0,1,1,2,0,0.0,0.0,0.0,0.0,0.0,2,0.0,0.0,0.022471910112400004,0.022471910112400004,0.022471910112400004,?,9.090909090910001,0.0,0.0,0.0,?
17407789,pimpin/blog,False,2014-03-04T16:01:43Z,2014-03-04,3,2014-03-06,30,10.0,10.0,10.0,10.0,10.0,7,2.33333333333,2.33333333333,2.33333333333,2.33333333333,2.33333333333,0,0.0,0.0,0.0,0.0,0.0,?,?,?,?,?,2,0.666666666667,0.666666666667,0.666666666667,0.666666666667,0.666666666667,5,1.6666666666699999,1.6666666666699999,1.6666666666699999,1.6666666666699999,1.6666666666699999,3,1.0,1.0,1.0,1.0,1.0,0.33333333333299997,0.33333333333299997,0.33333333333299997,0.33333333333299997,0.33333333333299997,4,1.33333333333,1.33333333333,1.33333333333,1.33333333333,1.33333333333,0,0.0,0.0,0.0,0.0,0.0,2,21,1.0,1.0,2.0,1.0,1.0,2.0,1.0,1.0,2.0,1.0,1.0,2.0,1,1,2,1,0.33333333333299997,0.33333333333299997,0.33333333333299997,0.33333333333299997,0.33333333333299997,0,0.0,0.0,0.0,0.0,0.0,0.533333333333,34.7826086957,2.0,0.5,0.0864864864865,0.0437158469945
16558010,dmtucker/ogre,False,2014-02-05T20:54:40Z,2014-02-05,73,2014-04-18,28,0.5,0.34375,0.38356164383599994,0.38356164383599994,0.38356164383599994,8,0.125,0.1875,0.109589041096,0.109589041096,0.109589041096,7,0.125,0.1875,0.09589041095889998,0.09589041095889998,0.09589041095889998,13.0,7.666666666669999,7.285714285710001,7.285714285710001,7.285714285710001,6,0.0,0.1875,0.0821917808219,0.0821917808219,0.0821917808219,0,0.0,0.0,0.0,0.0,0.0,0,0.0,0.0,0.0,0.0,0.0,?,?,?,?,?,0,0.0,0.0,0.0,0.0,0.0,0,0.0,0.0,0.0,0.0,0.0,1,0,1.0,1.0,1.0,1.0,1.0,1.0,1.0,1.0,1.0,1.0,1.0,1.0,1,1,1,0,0.0,0.0,0.0,0.0,0.0,0,0.0,0.0,0.0,0.0,0.0,0.25,20.0,0.25,0.193548387097,0.0380434782609,?
24570450,nolta/SpecialFunctions.jl,False,2014-09-28T21:07:18Z,2014-09-26,5,2014-09-30,7,1.4,1.4,1.4,1.4,1.4,1,0.2,0.2,0.2,0.2,0.2,1,0.2,0.2,0.2,0.2,0.2,0.0,0.0,0.0,0.0,0.0,2,0.4,0.4,0.4,0.4,0.4,0,0.0,0.0,0.0,0.0,0.0,0,0.0,0.0,0.0,0.0,0.0,?,?,?,?,?,0,0.0,0.0,0.0,0.0,0.0,0,0.0,0.0,0.0,0.0,0.0,1,0,1.0,1.0,1.0,1.0,1.0,1.0,1.0,1.0,1.0,1.0,1.0,1.0,1,1,1,0,0.0,0.0,0.0,0.0,0.0,0,0.0,0.0,0.0,0.0,0.0,?,30.0,0.0,0.03125,0.016393442623,?
13318209,IFriedkin/DWEC,False,2013-10-04T06:52:04Z,2013-10-04,1,2013-10-04,3,3.0,3.0,3.0,3.0,3.0,1,1.0,1.0,1.0,1.0,1.0,1,1.0,1.0,1.0,1.0,1.0,5.0,5.0,5.0,5.0,5.0,0,0.0,0.0,0.0,0.0,0.0,0,0.0,0.0,0.0,0.0,0.0,0,0.0,0.0,0.0,0.0,0.0,?,?,?,?,?,0,0.0,0.0,0.0,0.0,0.0,0,0.0,0.0,0.0,0.0,0.0,1,0,1.0,1.0,1.0,1.0,1.0,1.0,1.0,1.0,1.0,1.0,1.0,1.0,1,1,1,0,0.0,0.0,0.0,0.0,0.0,0,0.0,0.0,0.0,0.0,0.0,0.0,0.0,0.0,0.0,0.0,0.0
1008289,kingfo/clipboard,False,2010-10-20T06:40:42Z,2010-10-25,45,2010-12-08,2,0.0,0.0,0.044444444444399996,0.044444444444399996,0.044444444444399996,2,0.0,0.0645161290323,0.044444444444399996,0.044444444444399996,0.044444444444399996,0,0.0,0.0,0.0,0.0,0.0,?,?,?,?,?,0,0.0,0.0,0.0,0.0,0.0,0,0.0,0.0,0.0,0.0,0.0,0,0.0,0.0,0.0,0.0,0.0,?,?,?,?,?,0,0.0,0.0,0.0,0.0,0.0,0,0.0,0.0,0.0,0.0,0.0,1,0,1.0,1.0,1.0,1.0,1.0,1.0,1.0,1.0,1.0,1.0,1.0,1.0,1,1,1,0,0.0,0.0,0.0,0.0,0.0,1,0.0,0.0,0.022222222222199998,0.022222222222199998,0.022222222222199998,1.5,60.0,0.0,0.09375,0.016393442623,0.008196721311479999
1733420,Threespot/django-pagemanager,False,2011-05-11T14:07:07Z,2011-05-11,188,2011-11-14,88,0.0,0.0,0.394594594595,0.468085106383,0.468085106383,2,0.0,0.0,0.010810810810799999,0.0106382978723,0.0106382978723,1,0.0,0.0,0.005405405405409999,0.005319148936169999,0.005319148936169999,?,?,128.0,128.0,128.0,2,0.0,0.0,0.010810810810799999,0.0106382978723,0.0106382978723,0,0.0,0.0,0.0,0.0,0.0,0,0.0,0.0,0.0,0.0,0.0,?,?,?,?,?,0,0.0,0.0,0.0,0.0,0.0,0,0.0,0.0,0.0,0.0,0.0,2,0,1.0,1.0,1.0,1.0,1.0,1.0,1.0,1.0,2.0,1.0,1.0,2.0,1,1,2,0,0.0,0.0,0.0,0.0,0.0,1,0.0,0.03125,0.005405405405409999,0.005319148936169999,0.005319148936169999,0.488636363636,36.690647481999996,0.0,0.16129032258099998,0.234972677596,0.138964577657
11221616,dijkst/uncrustify-config-ios,False,2013-07-06T17:22:21Z,2013-07-06,310,2014-05-11,8,0.0,0.0,0.0,0.025806451612900003,0.025806451612900003,4,0.0,0.0,0.0,0.0129032258065,0.0129032258065,0,0.0,0.0,0.0,0.0,0.0,?,?,?,?,?,0,0.0,0.0,0.0,0.0,0.0,0,0.0,0.0,0.0,0.0,0.0,0,0.0,0.0,0.0,0.0,0.0,?,?,?,?,?,0,0.0,0.0,0.0,0.0,0.0,0,0.0,0.0,0.0,0.0,0.0,1,2,1.0,1.0,1.0,1.0,1.0,1.0,1.0,1.0,1.0,1.0,1.0,1.0,1,1,1,0,0.0,0.0,0.0,0.0,0.0,3,0.0,0.0,0.005494505494510001,0.00967741935484,0.00967741935484,0.125,11.1111111111,0.0,0.0,0.005405405405409999,?
12711329,pnpo/doctools,False,2013-09-09T20:04:18Z,2013-09-09,113,2013-12-30,96,0.375,0.483870967742,0.849557522124,0.849557522124,0.849557522124,9,0.0,0.0,0.0796460176991,0.0796460176991,0.0796460176991,6,0.0,0.0,0.0530973451327,0.0530973451327,0.0530973451327,?,?,5.666666666669999,5.666666666669999,5.666666666669999,1,0.0,0.0,0.008849557522120001,0.008849557522120001,0.008849557522120001,0,0.0,0.0,0.0,0.0,0.0,0,0.0,0.0,0.0,0.0,0.0,?,?,?,?,?,0,0.0,0.0,0.0,0.0,0.0,0,0.0,0.0,0.0,0.0,0.0,2,0,1.0,1.0,1.0,1.0,1.0,2.0,1.0,1.0,1.0,1.0,1.0,1.0,1,1,1,0,0.0,0.0,0.0,0.0,0.0,0,0.0,0.0,0.0,0.0,0.0,?,58.0786026201,0.0,0.0625,0.5,0.36338797814199997
23389497,joukou/joukou-docker-influga,False,2014-08-27T12:51:34Z,2014-08-27,10,2014-09-05,1,0.0,0.1,0.1,0.1,0.1,1,0.0,0.1,0.1,0.1,0.1,0,0.0,0.0,0.0,0.0,0.0,?,?,?,?,?,0,0.0,0.0,0.0,0.0,0.0,0,0.0,0.0,0.0,0.0,0.0,0,0.0,0.0,0.0,0.0,0.0,?,?,?,?,?,0,0.0,0.0,0.0,0.0,0.0,0,0.0,0.0,0.0,0.0,0.0,0,1,1.0,1.0,1.0,1.0,1.0,1.0,1.0,1.0,1.0,1.0,1.0,1.0,1,1,1,0,0.0,0.0,0.0,0.0,0.0,0,0.0,0.0,0.0,0.0,0.0,?,50.0,0.0,0.0,0.005494505494510001,?
20546163,kellysutton/designer_news,False,2014-06-06T00:26:59Z,2014-06-06,1,2014-06-06,1,1.0,1.0,1.0,1.0,1.0,1,1.0,1.0,1.0,1.0,1.0,0,0.0,0.0,0.0,0.0,0.0,?,?,?,?,?,0,0.0,0.0,0.0,0.0,0.0,0,0.0,0.0,0.0,0.0,0.0,0,0.0,0.0,0.0,0.0,0.0,?,?,?,?,?,0,0.0,0.0,0.0,0.0,0.0,0,0.0,0.0,0.0,0.0,0.0,1,0,1.0,1.0,1.0,1.0,1.0,1.0,1.0,1.0,1.0,1.0,1.0,1.0,1,1,1,0,0.0,0.0,0.0,0.0,0.0,0,0.0,0.0,0.0,0.0,0.0,0.0,0.0,0.0,0.0,0.0,?
5390975,mitar/mitarpage,False,2012-08-12T19:08:06Z,2012-08-12,429,2013-10-14,38,0.5,0.12903225806500002,0.08695652173910001,0.0819672131148,0.0885780885781,3,0.0,0.0,0.0054347826087,0.008196721311479999,0.00699300699301,1,0.0,0.0,0.0,0.00273224043716,0.002331002331,?,?,?,1.0,1.0,0,0.0,0.0,0.0,0.0,0.0,1,0.0,0.0,0.0054347826087,0.00273224043716,0.002331002331,1,0.0,0.0,0.0054347826087,0.00273224043716,0.002331002331,?,?,0.0,0.0,0.0,1,0.0,0.0,0.0054347826087,0.00273224043716,0.002331002331,0,0.0,0.0,0.0,0.0,0.0,3,0,1.0,1.0,1.0,1.0,1.0,1.0,1.0,1.0,1.0,1.0,1.0,1.0,1,1,1,0,0.0,0.0,0.0,0.0,0.0,0,0.0,0.0,0.0,0.0,0.0,?,20.8333333333,0.0,0.0,0.0437158469945,0.0273224043716
812736,mcepar1/Scheduler,False,2010-08-02T17:33:55Z,2010-08-02,233,2011-03-22,101,0.25,1.0689655172399999,0.30219780219799997,0.43347639485,0.43347639485,42,0.0,0.586206896552,0.14285714285700002,0.18025751073,0.18025751073,28,0.0,0.275862068966,0.0879120879121,0.12017167382,0.12017167382,?,11.25,29.0,43.285714285699996,43.285714285699996,26,0.0,0.551724137931,0.126373626374,0.11158798283299999,0.11158798283299999,0,0.0,0.0,0.0,0.0,0.0,0,0.0,0.0,0.0,0.0,0.0,?,?,?,?,?,0,0.0,0.0,0.0,0.0,0.0,0,0.0,0.0,0.0,0.0,0.0,0,101,1.0,1.0,1.0,1.0,1.0,1.0,1.0,1.0,1.0,1.0,1.0,1.0,1,1,1,0,0.0,0.0,0.0,0.0,0.0,0,0.0,0.0,0.0,0.0,0.0,0.247524752475,19.8412698413,0.25,0.5,0.135135135135,0.0681198910082
20418768,team8/game-jam,False,2014-06-02T20:37:40Z,2014-06-02,74,2014-08-14,425,0.0,0.0,5.74324324324,5.74324324324,5.74324324324,7,0.0,0.0,0.09459459459460001,0.09459459459460001,0.09459459459460001,3,0.0,0.0,0.0405405405405,0.0405405405405,0.0405405405405,?,?,1.6666666666699999,1.6666666666699999,1.6666666666699999,5,0.0,0.0,0.0675675675676,0.0675675675676,0.0675675675676,0,0.0,0.0,0.0,0.0,0.0,0,0.0,0.0,0.0,0.0,0.0,?,?,?,?,?,0,0.0,0.0,0.0,0.0,0.0,0,0.0,0.0,0.0,0.0,0.0,11,17,1.0,1.0,1.0,1.0,1.0,1.0,1.0,3.0,5.0,1.0,3.0,5.0,1,3,5,28,0.0,0.0,0.37837837837800004,0.37837837837800004,0.37837837837800004,0,0.0,0.0,0.0,0.0,0.0,?,0.234741784038,0.0,0.0,0.0,?
2556657,Ilkkap/test,False,2011-10-11T16:46:43Z,2011-10-11,1,2011-10-11,1,1.0,1.0,1.0,1.0,1.0,1,1.0,1.0,1.0,1.0,1.0,0,0.0,0.0,0.0,0.0,0.0,?,?,?,?,?,0,0.0,0.0,0.0,0.0,0.0,0,0.0,0.0,0.0,0.0,0.0,0,0.0,0.0,0.0,0.0,0.0,?,?,?,?,?,0,0.0,0.0,0.0,0.0,0.0,0,0.0,0.0,0.0,0.0,0.0,1,0,1.0,1.0,1.0,1.0,1.0,1.0,1.0,1.0,1.0,1.0,1.0,1.0,1,1,1,0,0.0,0.0,0.0,0.0,0.0,0,0.0,0.0,0.0,0.0,0.0,0.0,0.0,0.0,0.0,0.0,0.0
22116939,farcaller/shiny,False,2014-07-22T19:03:01Z,2014-07-22,186,2015-01-23,19,0.0,0.15625,0.0918918918919,0.10215053763399999,0.10215053763399999,1,0.0,0.0,0.005405405405409999,0.005376344086020001,0.005376344086020001,1,0.0,0.0,0.005405405405409999,0.005376344086020001,0.005376344086020001,?,?,1.0,1.0,1.0,2,0.0,0.0,0.010810810810799999,0.010752688172,0.010752688172,2,0.0,0.0,0.010810810810799999,0.010752688172,0.010752688172,2,0.0,0.0,0.010810810810799999,0.010752688172,0.010752688172,?,?,0.0,0.0,0.0,1,0.0,0.0,0.005405405405409999,0.005376344086020001,0.005376344086020001,13,0.0,0.15625,0.0702702702703,0.0698924731183,0.0698924731183,2,0,1.0,1.0,1.0,1.0,1.0,1.0,1.0,1.0,1.0,1.0,1.0,1.0,1,1,1,5,0.0,0.0,0.027027027026999998,0.026881720430099995,0.026881720430099995,2,0.0,0.0,0.010810810810799999,0.010752688172,0.010752688172,?,24.0,0.25,0.15625,?,?
22514816,hapijs/good-replay,False,2014-08-01T15:07:32Z,2014-08-01,6,2014-08-06,16,2.66666666667,2.66666666667,2.66666666667,2.66666666667,2.66666666667,2,0.33333333333299997,0.33333333333299997,0.33333333333299997,0.33333333333299997,0.33333333333299997,1,0.166666666667,0.166666666667,0.166666666667,0.166666666667,0.166666666667,5.0,5.0,5.0,5.0,5.0,1,0.166666666667,0.166666666667,0.166666666667,0.166666666667,0.166666666667,7,1.16666666667,1.16666666667,1.16666666667,1.16666666667,1.16666666667,7,1.16666666667,1.16666666667,1.16666666667,1.16666666667,1.16666666667,0.0,0.0,0.0,0.0,0.0,0,0.0,0.0,0.0,0.0,0.0,0,0.0,0.0,0.0,0.0,0.0,3,0,1.0,1.0,1.0,1.0,1.0,1.0,1.0,1.0,1.0,1.0,1.0,1.0,1,1,1,0,0.0,0.0,0.0,0.0,0.0,2,0.33333333333299997,0.33333333333299997,0.33333333333299997,0.33333333333299997,0.33333333333299997,?,15.7894736842,0.0,0.0,0.0162162162162,?
22923882,pwittman/hello-world,False,2014-08-13T17:05:35Z,2014-08-13,1,2014-08-13,1,1.0,1.0,1.0,1.0,1.0,1,1.0,1.0,1.0,1.0,1.0,0,0.0,0.0,0.0,0.0,0.0,?,?,?,?,?,0,0.0,0.0,0.0,0.0,0.0,0,0.0,0.0,0.0,0.0,0.0,0,0.0,0.0,0.0,0.0,0.0,?,?,?,?,?,0,0.0,0.0,0.0,0.0,0.0,0,0.0,0.0,0.0,0.0,0.0,1,0,1.0,1.0,1.0,1.0,1.0,1.0,1.0,1.0,1.0,1.0,1.0,1.0,1,1,1,0,0.0,0.0,0.0,0.0,0.0,0,0.0,0.0,0.0,0.0,0.0,0.0,0.0,0.0,0.0,0.0,?
8830853,jcmontiel/SignatureViewExample,False,2013-03-17T06:27:54Z,2013-03-17,475,2014-07-04,10,0.0,0.0,0.021978021978,0.0109289617486,0.021052631578900003,1,0.0,0.0,0.0,0.0,0.00210526315789,1,0.0,0.0,0.0,0.0,0.00210526315789,?,?,?,?,477.0,1,0.0,0.0,0.0,0.00273224043716,0.00210526315789,0,0.0,0.0,0.0,0.0,0.0,0,0.0,0.0,0.0,0.0,0.0,?,?,?,?,?,0,0.0,0.0,0.0,0.0,0.0,0,0.0,0.0,0.0,0.0,0.0,1,0,1.0,1.0,1.0,1.0,1.0,1.0,1.0,1.0,1.0,1.0,1.0,1.0,1,1,1,0,0.0,0.0,0.0,0.0,0.0,2,0.0,0.0,0.005494505494510001,0.00546448087432,0.00421052631579,0.7,41.176470588200004,0.0,0.0,0.0378378378378,?
21087563,mvcisback/parser_api,False,2014-06-22T06:48:51Z,2014-06-22,18,2014-07-09,32,1.75,1.77777777778,1.77777777778,1.77777777778,1.77777777778,3,0.25,0.166666666667,0.166666666667,0.166666666667,0.166666666667,0,0.0,0.0,0.0,0.0,0.0,?,?,?,?,?,0,0.0,0.0,0.0,0.0,0.0,0,0.0,0.0,0.0,0.0,0.0,0,0.0,0.0,0.0,0.0,0.0,?,?,?,?,?,0,0.0,0.0,0.0,0.0,0.0,0,0.0,0.0,0.0,0.0,0.0,1,0,1.0,1.0,1.0,1.0,1.0,1.0,1.0,1.0,1.0,1.0,1.0,1.0,1,1,1,0,0.0,0.0,0.0,0.0,0.0,0,0.0,0.0,0.0,0.0,0.0,0.125,11.1111111111,0.5,0.125,0.021621621621599998,?
28814539,sayantanauddy/hello-world,False,2015-01-05T13:54:04Z,2015-01-05,1,2015-01-05,1,1.0,1.0,1.0,1.0,1.0,1,1.0,1.0,1.0,1.0,1.0,0,0.0,0.0,0.0,0.0,0.0,?,?,?,?,?,0,0.0,0.0,0.0,0.0,0.0,0,0.0,0.0,0.0,0.0,0.0,0,0.0,0.0,0.0,0.0,0.0,?,?,?,?,?,0,0.0,0.0,0.0,0.0,0.0,2,2.0,2.0,2.0,2.0,2.0,1,0,1.0,1.0,1.0,1.0,1.0,1.0,1.0,1.0,1.0,1.0,1.0,1.0,1,1,1,0,0.0,0.0,0.0,0.0,0.0,0,0.0,0.0,0.0,0.0,0.0,?,0.0,0.0,0.0,?,?
9259197,backmeupplz/BTCEBot,False,2013-04-06T11:51:12Z,2013-04-03,85,2013-06-26,8,0.0,0.0,0.0941176470588,0.0941176470588,0.0941176470588,1,0.0,0.0,0.011764705882399999,0.011764705882399999,0.011764705882399999,1,0.0,0.0,0.011764705882399999,0.011764705882399999,0.011764705882399999,?,?,0.0,0.0,0.0,7,0.0,0.0,0.08235294117650001,0.08235294117650001,0.08235294117650001,0,0.0,0.0,0.0,0.0,0.0,0,0.0,0.0,0.0,0.0,0.0,?,?,?,?,?,0,0.0,0.0,0.0,0.0,0.0,0,0.0,0.0,0.0,0.0,0.0,1,0,1.0,1.0,1.0,1.0,1.0,1.0,1.0,1.0,1.0,1.0,1.0,1.0,1,1,1,0,0.0,0.0,0.0,0.0,0.0,3,0.0,0.03125,0.0352941176471,0.0352941176471,0.0352941176471,0.125,20.0,0.0,0.0,0.0108695652174,0.00546448087432
27194470,FadiSaedih/Share-it,False,2014-11-26T20:16:50Z,2014-12-28,23,2015-01-19,1,0.0,0.0434782608696,0.0434782608696,0.0434782608696,0.0434782608696,3,0.0,0.130434782609,0.130434782609,0.130434782609,0.130434782609,2,0.0,0.08695652173910001,0.08695652173910001,0.08695652173910001,0.08695652173910001,?,0.0,0.0,0.0,0.0,0,0.0,0.0,0.0,0.0,0.0,0,0.0,0.0,0.0,0.0,0.0,0,0.0,0.0,0.0,0.0,0.0,?,?,?,?,?,0,0.0,0.0,0.0,0.0,0.0,7,0.0,0.260869565217,0.260869565217,0.260869565217,0.260869565217,1,0,1.0,1.0,1.0,1.0,1.0,1.0,1.0,1.0,1.0,1.0,1.0,1.0,1,1,1,0,0.0,0.0,0.0,0.0,0.0,0,0.0,0.0,0.0,0.0,0.0,?,75.0,0.25,0.09375,?,?
5132007,exitmusic/math-o-magic,False,2012-07-21T07:38:48Z,2012-07-21,20,2012-08-09,80,3.0,4.0,4.0,4.0,4.0,18,0.375,0.9,0.9,0.9,0.9,14,0.25,0.7,0.7,0.7,0.7,8.5,6.0,6.0,6.0,6.0,18,0.5,0.9,0.9,0.9,0.9,0,0.0,0.0,0.0,0.0,0.0,0,0.0,0.0,0.0,0.0,0.0,?,?,?,?,?,0,0.0,0.0,0.0,0.0,0.0,0,0.0,0.0,0.0,0.0,0.0,1,0,1.0,1.0,1.0,1.0,1.0,1.0,1.0,1.0,1.0,1.0,1.0,1.0,1,1,1,0,0.0,0.0,0.0,0.0,0.0,0,0.0,0.0,0.0,0.0,0.0,0.125,11.1111111111,1.25,0.3125,0.0540540540541,0.0273224043716
26105101,Procinto/LxRedux,False,2014-11-03T05:23:03Z,2014-11-03,4,2014-11-06,11,2.75,2.75,2.75,2.75,2.75,3,0.75,0.75,0.75,0.75,0.75,3,0.75,0.75,0.75,0.75,0.75,1.33333333333,1.33333333333,1.33333333333,1.33333333333,1.33333333333,2,0.5,0.5,0.5,0.5,0.5,0,0.0,0.0,0.0,0.0,0.0,0,0.0,0.0,0.0,0.0,0.0,?,?,?,?,?,0,0.0,0.0,0.0,0.0,0.0,0,0.0,0.0,0.0,0.0,0.0,1,5,1.0,1.0,1.0,1.0,1.0,1.0,1.0,1.0,1.0,1.0,1.0,1.0,1,1,1,0,0.0,0.0,0.0,0.0,0.0,0,0.0,0.0,0.0,0.0,0.0,?,15.3846153846,0.25,0.0645161290323,?,?
19396447,liluo/todc-bs-sass,False,2014-05-03T05:42:51Z,2014-05-03,1,2014-05-03,3,3.0,3.0,3.0,3.0,3.0,1,1.0,1.0,1.0,1.0,1.0,1,1.0,1.0,1.0,1.0,1.0,1.0,1.0,1.0,1.0,1.0,1,1.0,1.0,1.0,1.0,1.0,0,0.0,0.0,0.0,0.0,0.0,0,0.0,0.0,0.0,0.0,0.0,?,?,?,?,?,0,0.0,0.0,0.0,0.0,0.0,0,0.0,0.0,0.0,0.0,0.0,1,0,1.0,1.0,1.0,1.0,1.0,1.0,1.0,1.0,1.0,1.0,1.0,1.0,1,1,1,0,0.0,0.0,0.0,0.0,0.0,0,0.0,0.0,0.0,0.0,0.0,0.33333333333299997,25.0,0.125,0.03125,0.005405405405409999,?
17758167,paskyorg/ShortURLs,False,2014-03-14T19:48:49Z,2014-03-14,1,2014-03-14,4,4.0,4.0,4.0,4.0,4.0,1,1.0,1.0,1.0,1.0,1.0,0,0.0,0.0,0.0,0.0,0.0,?,?,?,?,?,0,0.0,0.0,0.0,0.0,0.0,0,0.0,0.0,0.0,0.0,0.0,0,0.0,0.0,0.0,0.0,0.0,?,?,?,?,?,0,0.0,0.0,0.0,0.0,0.0,0,0.0,0.0,0.0,0.0,0.0,1,0,1.0,1.0,1.0,1.0,1.0,1.0,1.0,1.0,1.0,1.0,1.0,1.0,1,1,1,0,0.0,0.0,0.0,0.0,0.0,0,0.0,0.0,0.0,0.0,0.0,0.0,0.0,0.0,0.0,0.0,0.0
18277741,fredericaltorres/Jint.Ex,False,2014-03-31T00:47:05Z,2014-03-31,67,2014-06-05,42,0.125,0.03125,0.626865671642,0.626865671642,0.626865671642,3,0.0,0.0,0.044776119403,0.044776119403,0.044776119403,0,0.0,0.0,0.0,0.0,0.0,?,?,?,?,?,7,0.0,0.0,0.10447761194,0.10447761194,0.10447761194,0,0.0,0.0,0.0,0.0,0.0,0,0.0,0.0,0.0,0.0,0.0,?,?,?,?,?,0,0.0,0.0,0.0,0.0,0.0,0,0.0,0.0,0.0,0.0,0.0,1,0,1.0,1.0,1.0,1.0,1.0,1.0,1.0,1.0,1.0,1.0,1.0,1.0,1,1,1,0,0.0,0.0,0.0,0.0,0.0,0,0.0,0.0,0.0,0.0,0.0,0.0952380952381,12.5,0.0,0.12903225806500002,0.0326086956522,?
4103777,dbpedia-spotlight/dbpedia-spotlight,False,2012-04-22T12:24:42Z,2011-01-28,1189,2014-04-30,1028,0.0,0.53125,0.448087431694,0.598360655738,0.864592094197,201,0.5,0.28125,0.174863387978,0.21038251366099997,0.16904962153099998,107,0.375,0.15625,0.10928961748600001,0.125683060109,0.08999158957110001,0.0,1.6,30.05,30.369565217399998,42.5420560748,589,1.875,0.6875,0.7049180327869999,0.896174863388,0.49537426408699997,94,0.0,0.1875,0.120218579235,0.13387978142100002,0.0790580319596,83,0.0,0.15625,0.0819672131148,0.10928961748600001,0.06980656013460002,?,29.2,23.8,19.05,30.734939759,301,0.25,0.5625,0.666666666667,0.521857923497,0.253153910849,0,0.0,0.0,0.0,0.0,0.0,16,37,1.0,1.0,1.0,1.0,2.0,3.0,1.0,1.0,2.0,1.0,2.0,4.0,1,2,3,8,0.0,0.0,0.0,0.0,0.0067283431455,73,0.0,0.09375,0.103825136612,0.101092896175,0.061396131202699995,?,1.24879923151,0.375,0.09375,0.0324324324324,?
23958506,MaithyaB/Hello-there,False,2014-09-12T11:45:58Z,2014-09-12,1,2014-09-12,1,1.0,1.0,1.0,1.0,1.0,1,1.0,1.0,1.0,1.0,1.0,0,0.0,0.0,0.0,0.0,0.0,?,?,?,?,?,0,0.0,0.0,0.0,0.0,0.0,0,0.0,0.0,0.0,0.0,0.0,0,0.0,0.0,0.0,0.0,0.0,?,?,?,?,?,0,0.0,0.0,0.0,0.0,0.0,0,0.0,0.0,0.0,0.0,0.0,1,0,1.0,1.0,1.0,1.0,1.0,1.0,1.0,1.0,1.0,1.0,1.0,1.0,1,1,1,0,0.0,0.0,0.0,0.0,0.0,0,0.0,0.0,0.0,0.0,0.0,0.0,0.0,0.0,0.0,0.0,?
4423543,zaccgansert/pinball.js,False,2012-05-23T18:11:12Z,2012-05-23,5,2012-05-27,5,1.0,1.0,1.0,1.0,1.0,5,1.0,1.0,1.0,1.0,1.0,0,0.0,0.0,0.0,0.0,0.0,?,?,?,?,?,0,0.0,0.0,0.0,0.0,0.0,0,0.0,0.0,0.0,0.0,0.0,0,0.0,0.0,0.0,0.0,0.0,?,?,?,?,?,0,0.0,0.0,0.0,0.0,0.0,0,0.0,0.0,0.0,0.0,0.0,0,5,1.0,1.0,1.0,1.0,1.0,1.0,1.0,1.0,1.0,1.0,1.0,1.0,1,1,1,0,0.0,0.0,0.0,0.0,0.0,0,0.0,0.0,0.0,0.0,0.0,1.2,54.5454545455,0.75,0.1875,0.0324324324324,0.016393442623
6475946,jensengroup/propka-3.1,False,2012-10-31T15:16:12Z,2012-10-31,101,2013-02-08,8,0.0,0.0,0.07920792079210001,0.07920792079210001,0.07920792079210001,1,0.0,0.0,0.00990099009901,0.00990099009901,0.00990099009901,1,0.0,0.0,0.00990099009901,0.00990099009901,0.00990099009901,?,?,2.0,2.0,2.0,1,0.0,0.0,0.00990099009901,0.00990099009901,0.00990099009901,0,0.0,0.0,0.0,0.0,0.0,0,0.0,0.0,0.0,0.0,0.0,?,?,?,?,?,0,0.0,0.0,0.0,0.0,0.0,0,0.0,0.0,0.0,0.0,0.0,2,0,1.0,1.0,1.0,1.0,1.0,1.0,1.0,1.0,2.0,1.0,1.0,2.0,1,1,2,0,0.0,0.0,0.0,0.0,0.0,1,0.0,0.0,0.00990099009901,0.00990099009901,0.00990099009901,?,74.1935483871,0.0,0.0,0.0274725274725,0.016393442623
18489736,grafana/grafana.org,False,2014-04-06T13:07:22Z,2014-04-06,353,2015-03-24,163,0.0,0.48275862069,0.357142857143,0.46175637393799995,0.46175637393799995,1,0.0,0.0,0.005494505494510001,0.0028328611898000003,0.0028328611898000003,1,0.0,0.0,0.005494505494510001,0.0028328611898000003,0.0028328611898000003,?,?,0.0,0.0,0.0,1,0.0,0.0,0.005494505494510001,0.0028328611898000003,0.0028328611898000003,5,0.0,0.0344827586207,0.0274725274725,0.014164305948999999,0.014164305948999999,2,0.0,0.0,0.010989010989,0.0056657223796000005,0.0056657223796000005,?,?,0.0,0.0,0.0,2,0.0,0.0,0.010989010989,0.0056657223796000005,0.0056657223796000005,100,0.0,1.0,0.549450549451,0.28328611898,0.28328611898,3,0,1.0,1.0,1.0,1.0,1.0,1.0,1.0,1.0,1.0,1.0,1.0,1.0,1,1,1,0,0.0,0.0,0.0,0.0,0.0,5,0.0,0.0344827586207,0.0274725274725,0.014164305948999999,0.014164305948999999,?,3.55029585799,0.75,?,?,?
12853232,tutsplus/Git-and-GitHub-for-Game-Developers,False,2013-09-15T21:50:15Z,2013-09-15,1,2013-09-15,4,4.0,4.0,4.0,4.0,4.0,1,1.0,1.0,1.0,1.0,1.0,0,0.0,0.0,0.0,0.0,0.0,?,?,?,?,?,0,0.0,0.0,0.0,0.0,0.0,0,0.0,0.0,0.0,0.0,0.0,0,0.0,0.0,0.0,0.0,0.0,?,?,?,?,?,0,0.0,0.0,0.0,0.0,0.0,0,0.0,0.0,0.0,0.0,0.0,1,2,1.0,1.0,1.0,1.0,1.0,1.0,1.0,1.0,1.0,1.0,1.0,1.0,1,1,1,0,0.0,0.0,0.0,0.0,0.0,0,0.0,0.0,0.0,0.0,0.0,0.0,0.0,0.0,0.0,0.0,0.0
3548997,suguni/project-euler,False,2012-02-26T01:33:38Z,2012-02-26,67,2012-05-02,19,0.25,0.12903225806500002,0.28358208955200004,0.28358208955200004,0.28358208955200004,1,0.0,0.0,0.014925373134299999,0.014925373134299999,0.014925373134299999,1,0.0,0.0,0.014925373134299999,0.014925373134299999,0.014925373134299999,?,?,0.0,0.0,0.0,2,0.0,0.0,0.029850746268700004,0.029850746268700004,0.029850746268700004,0,0.0,0.0,0.0,0.0,0.0,0,0.0,0.0,0.0,0.0,0.0,?,?,?,?,?,0,0.0,0.0,0.0,0.0,0.0,0,0.0,0.0,0.0,0.0,0.0,1,0,1.0,1.0,1.0,1.0,1.0,1.0,1.0,1.0,1.0,1.0,1.0,1.0,1,1,1,0,0.0,0.0,0.0,0.0,0.0,0,0.0,0.0,0.0,0.0,0.0,0.0,29.6296296296,0.0,0.0,0.010810810810799999,0.0136612021858
24645450,shalomeir/tctm,False,2014-09-30T16:18:19Z,2014-09-30,5,2014-10-04,9,1.8,1.8,1.8,1.8,1.8,1,0.2,0.2,0.2,0.2,0.2,0,0.0,0.0,0.0,0.0,0.0,?,?,?,?,?,1,0.2,0.2,0.2,0.2,0.2,0,0.0,0.0,0.0,0.0,0.0,0,0.0,0.0,0.0,0.0,0.0,?,?,?,?,?,0,0.0,0.0,0.0,0.0,0.0,0,0.0,0.0,0.0,0.0,0.0,1,0,1.0,1.0,1.0,1.0,1.0,1.0,1.0,1.0,1.0,1.0,1.0,1.0,1,1,1,0,0.0,0.0,0.0,0.0,0.0,0,0.0,0.0,0.0,0.0,0.0,?,0.0,0.0,0.0,?,?
9517044,azproduction/rivets-backbone-adapter,False,2013-04-18T08:35:19Z,2013-04-18,298,2014-02-09,11,0.0,0.0,0.0378378378378,0.0369127516779,0.0369127516779,1,0.0,0.0,0.005405405405409999,0.0033557046979899997,0.0033557046979899997,1,0.0,0.0,0.005405405405409999,0.0033557046979899997,0.0033557046979899997,?,?,1.0,1.0,1.0,0,0.0,0.0,0.0,0.0,0.0,1,0.0,0.0,0.005405405405409999,0.0033557046979899997,0.0033557046979899997,1,0.0,0.0,0.005405405405409999,0.0033557046979899997,0.0033557046979899997,?,?,0.0,0.0,0.0,4,0.0,0.0,0.021621621621599998,0.0134228187919,0.0134228187919,0,0.0,0.0,0.0,0.0,0.0,2,0,1.0,1.0,1.0,1.0,1.0,1.0,1.0,1.0,2.0,1.0,1.0,1.0,1,1,1,0,0.0,0.0,0.0,0.0,0.0,8,0.0,0.03125,0.027027027026999998,0.0268456375839,0.0268456375839,?,71.0526315789,0.0,0.0344827586207,0.0384615384615,0.0737704918033
28120563,vikasmagar512/helloworld,False,2014-12-17T04:12:00Z,2014-12-17,1,2014-12-17,4,4.0,4.0,4.0,4.0,4.0,1,1.0,1.0,1.0,1.0,1.0,0,0.0,0.0,0.0,0.0,0.0,?,?,?,?,?,0,0.0,0.0,0.0,0.0,0.0,1,1.0,1.0,1.0,1.0,1.0,1,1.0,1.0,1.0,1.0,1.0,0.0,0.0,0.0,0.0,0.0,0,0.0,0.0,0.0,0.0,0.0,9,9.0,9.0,9.0,9.0,9.0,1,0,1.0,1.0,1.0,1.0,1.0,1.0,1.0,1.0,1.0,1.0,1.0,1.0,1,1,1,0,0.0,0.0,0.0,0.0,0.0,0,0.0,0.0,0.0,0.0,0.0,?,0.0,0.0,0.0,?,?
4388369,spree/spree_auth_devise,False,2012-05-20T23:57:25Z,2012-05-08,105,2012-08-20,113,2.0,0.59375,1.07619047619,1.07619047619,1.07619047619,1,0.0,0.03125,0.00952380952381,0.00952380952381,0.00952380952381,1,0.0,0.03125,0.00952380952381,0.00952380952381,0.00952380952381,?,2.0,2.0,2.0,2.0,9,1.0,0.28125,0.0857142857143,0.0857142857143,0.0857142857143,8,0.0,0.0625,0.0761904761905,0.0761904761905,0.0761904761905,8,0.0,0.0625,0.0761904761905,0.0761904761905,0.0761904761905,?,85.5,35.0,35.0,35.0,8,0.0,0.0,0.0761904761905,0.0761904761905,0.0761904761905,0,0.0,0.0,0.0,0.0,0.0,6,0,1.0,1.0,1.0,1.0,1.0,1.0,1.0,1.0,1.0,1.0,1.0,1.0,1,1,1,0,0.0,0.0,0.0,0.0,0.0,6,0.0,0.09375,0.0571428571429,0.0571428571429,0.0571428571429,?,76.7489711934,0.0,0.1875,0.491891891892,0.540983606557
8635545,TrueSystems/mapici,False,2013-03-07T20:08:50Z,2013-03-07,149,2013-08-02,248,0.0,0.875,1.6644295302,1.6644295302,1.6644295302,5,0.0,0.0,0.0335570469799,0.0335570469799,0.0335570469799,2,0.0,0.0,0.0134228187919,0.0134228187919,0.0134228187919,?,?,0.0,0.0,0.0,1,0.0,0.0,0.0067114093959700005,0.0067114093959700005,0.0067114093959700005,0,0.0,0.0,0.0,0.0,0.0,0,0.0,0.0,0.0,0.0,0.0,?,?,?,?,?,0,0.0,0.0,0.0,0.0,0.0,0,0.0,0.0,0.0,0.0,0.0,2,4,1.0,1.0,1.0,1.0,1.0,1.0,1.0,1.0,1.0,1.0,1.0,1.0,1,1,1,0,0.0,0.0,0.0,0.0,0.0,0,0.0,0.0,0.0,0.0,0.0,0.141129032258,12.367491166099999,0.0,0.46875,0.18918918918900002,0.09562841530050001
15534796,hatboysam/JavaSnap,False,2013-12-30T19:26:06Z,2013-12-30,292,2014-10-17,59,0.0,0.0,0.271739130435,0.202054794521,0.202054794521,7,0.0,0.0,0.0380434782609,0.0239726027397,0.0239726027397,7,0.0,0.0,0.0380434782609,0.0239726027397,0.0239726027397,?,?,68.1428571429,68.1428571429,68.1428571429,22,0.0,0.0,0.119565217391,0.07534246575339999,0.07534246575339999,19,0.0,0.0,0.103260869565,0.0650684931507,0.0650684931507,19,0.0,0.0,0.103260869565,0.0650684931507,0.0650684931507,?,?,0.210526315789,0.210526315789,0.210526315789,37,0.0,0.0,0.20108695652199998,0.126712328767,0.126712328767,0,0.0,0.0,0.0,0.0,0.0,3,0,1.0,1.0,1.0,1.0,1.0,1.0,1.0,1.0,2.0,1.0,1.0,2.0,1,1,2,0,0.0,0.0,0.0,0.0,0.0,12,0.0,0.0645161290323,0.054347826087,0.041095890411,0.041095890411,?,10.6060606061,0.0,0.0,?,?
3767251,evan108108/RESTFullYii,False,2012-03-19T18:42:24Z,2012-03-19,705,2014-02-21,184,0.625,0.4375,0.43243243243199997,0.341530054645,0.260992907801,49,0.25,0.40625,0.18918918918900002,0.11202185792300001,0.0695035460993,49,0.25,0.40625,0.18918918918900002,0.11202185792300001,0.0695035460993,4.0,15.0769230769,15.114285714300001,15.2682926829,14.612244898,194,1.875,2.0,0.8864864864859999,0.483606557377,0.275177304965,49,0.375,0.1875,0.151351351351,0.117486338798,0.0695035460993,49,0.375,0.1875,0.151351351351,0.117486338798,0.0695035460993,0.33333333333299997,0.166666666667,1.5357142857100001,1.8604651162799999,2.65306122449,43,0.125,0.03125,0.140540540541,0.10655737704900001,0.0609929078014,0,0.0,0.0,0.0,0.0,0.0,12,72,1.0,1.0,1.0,1.0,1.0,1.0,1.0,1.0,1.0,1.0,1.0,2.0,1,1,2,0,0.0,0.0,0.0,0.0,0.0,41,0.25,0.125,0.0918918918919,0.0819672131148,0.0581560283688,?,19.650655021800002,0.0,0.206896551724,0.21978021978,0.122950819672
26411652,butwhywhy/ASCIIchess,False,2014-11-09T22:33:02Z,2014-11-09,48,2014-12-26,33,0.5,0.6451612903230001,0.6875,0.6875,0.6875,5,0.0,0.0,0.104166666667,0.104166666667,0.104166666667,5,0.0,0.0,0.104166666667,0.104166666667,0.104166666667,?,?,61.2,61.2,61.2,1,0.0,0.0,0.020833333333299998,0.020833333333299998,0.020833333333299998,0,0.0,0.0,0.0,0.0,0.0,0,0.0,0.0,0.0,0.0,0.0,?,?,?,?,?,0,0.0,0.0,0.0,0.0,0.0,4,0.125,0.12903225806500002,0.08333333333330001,0.08333333333330001,0.08333333333330001,1,0,1.0,1.0,1.0,1.0,1.0,1.0,1.0,1.0,1.0,1.0,1.0,1.0,1,1,1,0,0.0,0.0,0.0,0.0,0.0,0,0.0,0.0,0.0,0.0,0.0,?,26.6666666667,0.625,0.3125,?,?
179422,mikeymckay/hotseat,False,2009-04-18T17:07:21Z,2009-04-18,17,2009-05-04,3,0.25,0.176470588235,0.176470588235,0.176470588235,0.176470588235,1,0.125,0.0588235294118,0.0588235294118,0.0588235294118,0.0588235294118,0,0.0,0.0,0.0,0.0,0.0,?,?,?,?,?,0,0.0,0.0,0.0,0.0,0.0,0,0.0,0.0,0.0,0.0,0.0,0,0.0,0.0,0.0,0.0,0.0,?,?,?,?,?,0,0.0,0.0,0.0,0.0,0.0,0,0.0,0.0,0.0,0.0,0.0,0,3,1.0,1.0,1.0,1.0,1.0,1.0,1.0,1.0,1.0,1.0,1.0,1.0,1,1,1,0,0.0,0.0,0.0,0.0,0.0,0,0.0,0.0,0.0,0.0,0.0,2.33333333333,70.0,0.875,0.21875,0.0378378378378,0.0191256830601
29790071,tomay3000/hello-world,False,2015-01-24T20:13:32Z,2015-01-24,1,2015-01-24,3,3.0,3.0,3.0,3.0,3.0,1,1.0,1.0,1.0,1.0,1.0,1,1.0,1.0,1.0,1.0,1.0,0.0,0.0,0.0,0.0,0.0,0,0.0,0.0,0.0,0.0,0.0,1,1.0,1.0,1.0,1.0,1.0,1,1.0,1.0,1.0,1.0,1.0,0.0,0.0,0.0,0.0,0.0,0,0.0,0.0,0.0,0.0,0.0,8,8.0,8.0,8.0,8.0,8.0,1,0,1.0,1.0,1.0,1.0,1.0,1.0,1.0,1.0,1.0,1.0,1.0,1.0,1,1,1,0,0.0,0.0,0.0,0.0,0.0,0,0.0,0.0,0.0,0.0,0.0,?,0.0,0.0,0.0,?,?
3129792,allanmboyd/formaterrors,False,2012-01-08T12:52:21Z,2012-01-10,122,2012-05-10,22,0.0,0.0,0.180327868852,0.180327868852,0.180327868852,2,0.0,0.0,0.016393442623,0.016393442623,0.016393442623,2,0.0,0.0,0.016393442623,0.016393442623,0.016393442623,?,?,64.5,64.5,64.5,0,0.0,0.0,0.0,0.0,0.0,0,0.0,0.0,0.0,0.0,0.0,0,0.0,0.0,0.0,0.0,0.0,?,?,?,?,?,0,0.0,0.0,0.0,0.0,0.0,0,0.0,0.0,0.0,0.0,0.0,1,2,1.0,1.0,1.0,1.0,1.0,1.0,1.0,1.0,1.0,1.0,1.0,1.0,1,1,1,0,0.0,0.0,0.0,0.0,0.0,0,0.0,0.0,0.0,0.0,0.0,0.0909090909091,8.333333333330001,0.0,0.0625,0.010810810810799999,0.00546448087432
27551966,Sarci1/hello-world,False,2014-12-04T17:36:26Z,2014-12-04,1,2014-12-04,2,2.0,2.0,2.0,2.0,2.0,1,1.0,1.0,1.0,1.0,1.0,0,0.0,0.0,0.0,0.0,0.0,?,?,?,?,?,0,0.0,0.0,0.0,0.0,0.0,1,1.0,1.0,1.0,1.0,1.0,1,1.0,1.0,1.0,1.0,1.0,0.0,0.0,0.0,0.0,0.0,0,0.0,0.0,0.0,0.0,0.0,0,0.0,0.0,0.0,0.0,0.0,1,0,1.0,1.0,1.0,1.0,1.0,1.0,1.0,1.0,1.0,1.0,1.0,1.0,1,1,1,0,0.0,0.0,0.0,0.0,0.0,0,0.0,0.0,0.0,0.0,0.0,?,0.0,0.0,0.0,?,?
4946351,EikeLueders/dataVisualizer,False,2012-07-08T13:27:12Z,2012-07-08,36,2012-08-12,19,0.0,0.28125,0.5277777777780001,0.5277777777780001,0.5277777777780001,6,0.0,0.1875,0.166666666667,0.166666666667,0.166666666667,3,0.0,0.09375,0.08333333333330001,0.08333333333330001,0.08333333333330001,?,0.0,0.0,0.0,0.0,0,0.0,0.0,0.0,0.0,0.0,0,0.0,0.0,0.0,0.0,0.0,0,0.0,0.0,0.0,0.0,0.0,?,?,?,?,?,0,0.0,0.0,0.0,0.0,0.0,0,0.0,0.0,0.0,0.0,0.0,1,13,1.0,1.0,1.0,1.0,1.0,1.0,1.0,1.0,1.0,1.0,1.0,1.0,1,1,1,0,0.0,0.0,0.0,0.0,0.0,0,0.0,0.0,0.0,0.0,0.0,0.210526315789,32.1428571429,0.0,0.125,0.0486486486486,0.024590163934400004
29361572,BrentWheeldon/meatballs,False,2015-01-16T18:23:24Z,2015-01-16,12,2015-01-27,1,0.0,0.08333333333330001,0.08333333333330001,0.08333333333330001,0.08333333333330001,1,0.0,0.08333333333330001,0.08333333333330001,0.08333333333330001,0.08333333333330001,1,0.0,0.08333333333330001,0.08333333333330001,0.08333333333330001,0.08333333333330001,?,39.0,39.0,39.0,39.0,1,0.0,0.08333333333330001,0.08333333333330001,0.08333333333330001,0.08333333333330001,0,0.0,0.0,0.0,0.0,0.0,0,0.0,0.0,0.0,0.0,0.0,?,?,?,?,?,0,0.0,0.0,0.0,0.0,0.0,4,0.0,0.33333333333299997,0.33333333333299997,0.33333333333299997,0.33333333333299997,1,0,1.0,1.0,1.0,1.0,1.0,1.0,1.0,1.0,1.0,1.0,1.0,1.0,1,1,1,0,0.0,0.0,0.0,0.0,0.0,0,0.0,0.0,0.0,0.0,0.0,?,80.0,0.25,0.125,?,?
13463085,CommitAnalyzingService/CAS_Reader,False,2013-10-10T05:46:27Z,2013-10-10,48,2013-11-26,23,1.25,0.4375,0.479166666667,0.479166666667,0.479166666667,1,0.0,0.0,0.020833333333299998,0.020833333333299998,0.020833333333299998,1,0.0,0.0,0.020833333333299998,0.020833333333299998,0.020833333333299998,?,?,2.0,2.0,2.0,5,0.0,0.0,0.104166666667,0.104166666667,0.104166666667,0,0.0,0.0,0.0,0.0,0.0,0,0.0,0.0,0.0,0.0,0.0,?,?,?,?,?,0,0.0,0.0,0.0,0.0,0.0,0,0.0,0.0,0.0,0.0,0.0,2,0,1.0,1.0,1.0,1.0,1.0,1.0,1.0,1.0,2.0,1.0,1.0,2.0,1,1,2,0,0.0,0.0,0.0,0.0,0.0,0,0.0,0.0,0.0,0.0,0.0,0.34782608695699996,25.8064516129,0.0,0.258064516129,0.043956043956,0.021857923497299998
10222855,catworm/new,False,2013-05-22T15:13:53Z,2013-05-22,1,2013-05-22,1,1.0,1.0,1.0,1.0,1.0,1,1.0,1.0,1.0,1.0,1.0,1,1.0,1.0,1.0,1.0,1.0,20.0,20.0,20.0,20.0,20.0,1,1.0,1.0,1.0,1.0,1.0,0,0.0,0.0,0.0,0.0,0.0,0,0.0,0.0,0.0,0.0,0.0,?,?,?,?,?,0,0.0,0.0,0.0,0.0,0.0,0,0.0,0.0,0.0,0.0,0.0,1,0,1.0,1.0,1.0,1.0,1.0,1.0,1.0,1.0,1.0,1.0,1.0,1.0,1,1,1,0,0.0,0.0,0.0,0.0,0.0,0,0.0,0.0,0.0,0.0,0.0,0.0,0.0,0.0,0.0,0.0,0.0
14493570,sbyx/hnetd,False,2013-11-18T13:46:54Z,2013-11-18,231,2014-07-06,884,0.0,2.41935483871,3.3241758241799997,3.82683982684,3.82683982684,15,0.0,0.0645161290323,0.0824175824176,0.0649350649351,0.0649350649351,15,0.0,0.0645161290323,0.0824175824176,0.0649350649351,0.0649350649351,?,129.5,31.8,31.8,31.8,22,0.0,0.0322580645161,0.12087912087899999,0.0952380952381,0.0952380952381,0,0.0,0.0,0.0,0.0,0.0,0,0.0,0.0,0.0,0.0,0.0,?,?,?,?,?,0,0.0,0.0,0.0,0.0,0.0,0,0.0,0.0,0.0,0.0,0.0,3,0,1.0,1.0,1.0,1.0,1.0,2.0,1.0,2.0,2.0,1.0,2.0,2.0,1,2,2,0,0.0,0.0,0.0,0.0,0.0,1,0.0,0.0,0.005494505494510001,0.004329004329,0.004329004329,?,10.2538071066,0.0,0.96875,0.535135135135,?
8936566,reverbrain/swarm,False,2013-03-21T19:13:26Z,2013-03-21,201,2013-10-07,169,0.875,0.225806451613,0.826086956522,0.8407960199,0.8407960199,1,0.0,0.0,0.0054347826087,0.00497512437811,0.00497512437811,1,0.0,0.0,0.0054347826087,0.00497512437811,0.00497512437811,?,?,0.0,0.0,0.0,1,0.0,0.0,0.0054347826087,0.00497512437811,0.00497512437811,4,0.0,0.0,0.0217391304348,0.0199004975124,0.0199004975124,4,0.0,0.0,0.0217391304348,0.0199004975124,0.0199004975124,?,?,0.5,0.5,0.5,1,0.0,0.0,0.0054347826087,0.00497512437811,0.00497512437811,0,0.0,0.0,0.0,0.0,0.0,6,48,1.0,1.0,1.0,1.0,1.0,1.0,1.0,1.0,1.0,1.0,1.0,1.0,1,1,1,0,0.0,0.0,0.0,0.0,0.0,3,0.0,0.0,0.0163043478261,0.014925373134299999,0.014925373134299999,?,63.965884861400006,1.125,2.03125,0.96174863388,0.70218579235
12729212,sahibinden/grunt-stylus-sprite,False,2013-09-10T12:42:57Z,2013-09-11,177,2014-03-06,5,0.0,0.0,0.028248587570599996,0.028248587570599996,0.028248587570599996,1,0.0,0.0,0.00564971751412,0.00564971751412,0.00564971751412,1,0.0,0.0,0.00564971751412,0.00564971751412,0.00564971751412,?,?,1.0,1.0,1.0,1,0.0,0.0,0.00564971751412,0.00564971751412,0.00564971751412,0,0.0,0.0,0.0,0.0,0.0,0,0.0,0.0,0.0,0.0,0.0,?,?,?,?,?,0,0.0,0.0,0.0,0.0,0.0,0,0.0,0.0,0.0,0.0,0.0,1,0,1.0,1.0,1.0,1.0,1.0,1.0,1.0,1.0,1.0,1.0,1.0,1.0,1,1,1,0,0.0,0.0,0.0,0.0,0.0,2,0.0,0.0,0.0112994350282,0.0112994350282,0.0112994350282,0.2,16.6666666667,0.0,0.03125,0.005405405405409999,0.00273224043716
3124432,polyvision/polyvision_tempest,False,2012-01-07T13:05:29Z,2012-01-07,1,2012-01-07,2,2.0,2.0,2.0,2.0,2.0,6,6.0,6.0,6.0,6.0,6.0,6,6.0,6.0,6.0,6.0,6.0,0.0,0.0,0.0,0.0,0.0,0,0.0,0.0,0.0,0.0,0.0,0,0.0,0.0,0.0,0.0,0.0,0,0.0,0.0,0.0,0.0,0.0,?,?,?,?,?,0,0.0,0.0,0.0,0.0,0.0,0,0.0,0.0,0.0,0.0,0.0,1,0,1.0,1.0,1.0,1.0,1.0,1.0,1.0,1.0,1.0,1.0,1.0,1.0,1,1,1,0,0.0,0.0,0.0,0.0,0.0,0,0.0,0.0,0.0,0.0,0.0,0.0,0.0,0.0,0.0,0.0,0.0
21814262,reworkcss/rework-hwb,False,2014-07-14T09:29:01Z,2014-07-14,1,2014-07-14,7,7.0,7.0,7.0,7.0,7.0,3,3.0,3.0,3.0,3.0,3.0,1,1.0,1.0,1.0,1.0,1.0,0.0,0.0,0.0,0.0,0.0,1,1.0,1.0,1.0,1.0,1.0,0,0.0,0.0,0.0,0.0,0.0,0,0.0,0.0,0.0,0.0,0.0,?,?,?,?,?,0,0.0,0.0,0.0,0.0,0.0,0,0.0,0.0,0.0,0.0,0.0,1,0,1.0,1.0,1.0,1.0,1.0,1.0,1.0,1.0,1.0,1.0,1.0,1.0,1,1,1,0,0.0,0.0,0.0,0.0,0.0,0,0.0,0.0,0.0,0.0,0.0,0.28571428571400004,41.6666666667,0.625,0.15625,0.027027027026999998,?
464496,jasonbaker/envbuilder,False,2010-01-08T22:27:02Z,2010-01-08,145,2010-06-01,281,0.0,0.71875,1.9379310344799998,1.9379310344799998,1.9379310344799998,12,0.0,0.0,0.0827586206897,0.0827586206897,0.0827586206897,11,0.0,0.0,0.07586206896549999,0.07586206896549999,0.07586206896549999,?,?,5.72727272727,5.72727272727,5.72727272727,11,0.0,0.0,0.07586206896549999,0.07586206896549999,0.07586206896549999,0,0.0,0.0,0.0,0.0,0.0,0,0.0,0.0,0.0,0.0,0.0,?,?,?,?,?,0,0.0,0.0,0.0,0.0,0.0,0,0.0,0.0,0.0,0.0,0.0,1,6,1.0,1.0,1.0,1.0,1.0,1.0,1.0,1.0,1.0,1.0,1.0,1.0,1,1,1,0,0.0,0.0,0.0,0.0,0.0,1,0.0,0.0,0.0068965517241400005,0.0068965517241400005,0.0068965517241400005,0.0142348754448,1.40350877193,0.0,0.0322580645161,0.0217391304348,0.0109289617486
25691089,Kiwka/kottans-homeworks,False,2014-10-24T13:59:01Z,2014-10-24,38,2014-11-30,37,0.125,0.875,0.973684210526,0.973684210526,0.973684210526,8,0.125,0.1875,0.210526315789,0.210526315789,0.210526315789,5,0.0,0.09375,0.131578947368,0.131578947368,0.131578947368,?,2.66666666667,2.2,2.2,2.2,1,0.0,0.0,0.026315789473700002,0.026315789473700002,0.026315789473700002,0,0.0,0.0,0.0,0.0,0.0,0,0.0,0.0,0.0,0.0,0.0,?,?,?,?,?,0,0.0,0.0,0.0,0.0,0.0,0,0.0,0.0,0.0,0.0,0.0,1,0,1.0,1.0,1.0,1.0,1.0,1.0,1.0,1.0,1.0,1.0,1.0,1.0,1,1,1,0,0.0,0.0,0.0,0.0,0.0,0,0.0,0.0,0.0,0.0,0.0,?,9.75609756098,0.0,0.0,?,?
3535724,b3ni/openerplib,False,2012-02-24T13:01:40Z,2012-03-06,1030,2014-12-30,33,0.0,0.0,0.0,0.0,0.0320388349515,1,0.0,0.0,0.0,0.0,0.000970873786408,0,0.0,0.0,0.0,0.0,0.0,?,?,?,?,?,1,0.0,0.0,0.0,0.0,0.000970873786408,0,0.0,0.0,0.0,0.0,0.0,0,0.0,0.0,0.0,0.0,0.0,?,?,?,?,?,0,0.0,0.0,0.0,0.0,0.0,0,0.0,0.0,0.0,0.0,0.0,1,1,1.0,1.0,1.0,1.0,1.0,1.0,1.0,1.0,1.0,1.0,1.0,1.0,1,1,1,2,0.0,0.0,0.0,0.0,0.0019417475728200002,5,0.0,0.0,0.0,0.00273224043716,0.00485436893204,?,2.9411764705900003,0.0,0.0,?,?
2978439,antoinegrant/DrTopo.com-API,False,2011-12-14T07:57:42Z,2011-12-14,29,2012-01-11,93,0.0,3.20689655172,3.20689655172,3.20689655172,3.20689655172,2,0.0,0.0689655172414,0.0689655172414,0.0689655172414,0.0689655172414,1,0.0,0.0344827586207,0.0344827586207,0.0344827586207,0.0344827586207,?,579.0,579.0,579.0,579.0,0,0.0,0.0,0.0,0.0,0.0,0,0.0,0.0,0.0,0.0,0.0,0,0.0,0.0,0.0,0.0,0.0,?,?,?,?,?,0,0.0,0.0,0.0,0.0,0.0,0,0.0,0.0,0.0,0.0,0.0,1,0,1.0,1.0,1.0,1.0,1.0,1.0,1.0,1.0,1.0,1.0,1.0,1.0,1,1,1,0,0.0,0.0,0.0,0.0,0.0,0,0.0,0.0,0.0,0.0,0.0,0.0,3.125,0.0,0.0,0.016393442623,0.00817438692098
28812169,PasseiDireto/teamcity-dashboard,False,2015-01-05T12:44:39Z,2015-01-05,1,2015-01-05,4,4.0,4.0,4.0,4.0,4.0,4,4.0,4.0,4.0,4.0,4.0,2,2.0,2.0,2.0,2.0,2.0,0.0,0.0,0.0,0.0,0.0,2,2.0,2.0,2.0,2.0,2.0,0,0.0,0.0,0.0,0.0,0.0,0,0.0,0.0,0.0,0.0,0.0,?,?,?,?,?,0,0.0,0.0,0.0,0.0,0.0,11,11.0,11.0,11.0,11.0,11.0,1,0,1.0,1.0,1.0,1.0,1.0,1.0,1.0,1.0,1.0,1.0,1.0,1.0,1,1,1,0,0.0,0.0,0.0,0.0,0.0,0,0.0,0.0,0.0,0.0,0.0,?,0.0,0.0,0.0,?,?
3463227,zapier/django-knowledge,False,2012-02-16T19:45:17Z,2012-02-16,342,2013-01-22,138,0.25,0.0625,0.0540540540541,0.40350877193,0.40350877193,33,0.0,0.0,0.027027027026999998,0.0964912280702,0.0964912280702,15,0.0,0.0,0.005405405405409999,0.04385964912280001,0.04385964912280001,?,?,45.0,11.2,11.2,20,0.0,0.0,0.0162162162162,0.0584795321637,0.0584795321637,8,0.0,0.0,0.021621621621599998,0.0233918128655,0.0233918128655,5,0.0,0.0,0.005405405405409999,0.0146198830409,0.0146198830409,?,?,17.0,7.0,7.0,6,0.0,0.0,0.021621621621599998,0.017543859649099998,0.017543859649099998,0,0.0,0.0,0.0,0.0,0.0,4,0,1.0,1.0,1.0,1.0,1.0,1.0,1.0,1.0,1.0,1.0,1.0,1.0,1,1,1,4,0.0,0.0,0.0,0.011695906432700002,0.011695906432700002,17,0.125,0.0625,0.0486486486486,0.0497076023392,0.0497076023392,0.195652173913,16.363636363599998,0.0,0.0,0.12087912087899999,0.0737704918033
2092009,oomlaut/jquery-toggleField,False,2011-07-23T04:40:46Z,2011-07-23,751,2013-08-11,6,0.0,0.0,0.0,0.00546448087432,0.00798934753662,3,0.0,0.0,0.0,0.0,0.00399467376831,0,0.0,0.0,0.0,0.0,0.0,?,?,?,?,?,0,0.0,0.0,0.0,0.0,0.0,0,0.0,0.0,0.0,0.0,0.0,0,0.0,0.0,0.0,0.0,0.0,?,?,?,?,?,0,0.0,0.0,0.0,0.0,0.0,0,0.0,0.0,0.0,0.0,0.0,1,5,1.0,1.0,1.0,1.0,1.0,1.0,1.0,1.0,1.0,1.0,1.0,1.0,1,1,1,0,0.0,0.0,0.0,0.0,0.0,0,0.0,0.0,0.0,0.0,0.0,?,25.0,0.0,0.0,0.0,0.0
26434999,darylsew/studentcenter,False,2014-11-10T12:13:01Z,2014-11-10,4,2014-11-13,4,1.0,1.0,1.0,1.0,1.0,1,0.25,0.25,0.25,0.25,0.25,1,0.25,0.25,0.25,0.25,0.25,0.0,0.0,0.0,0.0,0.0,0,0.0,0.0,0.0,0.0,0.0,0,0.0,0.0,0.0,0.0,0.0,0,0.0,0.0,0.0,0.0,0.0,?,?,?,?,?,0,0.0,0.0,0.0,0.0,0.0,0,0.0,0.0,0.0,0.0,0.0,1,0,1.0,1.0,1.0,1.0,1.0,1.0,1.0,1.0,1.0,1.0,1.0,1.0,1,1,1,0,0.0,0.0,0.0,0.0,0.0,0,0.0,0.0,0.0,0.0,0.0,?,60.0,0.75,0.193548387097,?,?
23670775,renkis/TiHa,False,2014-09-04T16:44:07Z,2014-09-04,38,2014-10-11,23,0.0,0.41935483871,0.605263157895,0.605263157895,0.605263157895,1,0.0,0.0322580645161,0.026315789473700002,0.026315789473700002,0.026315789473700002,0,0.0,0.0,0.0,0.0,0.0,?,?,?,?,?,0,0.0,0.0,0.0,0.0,0.0,0,0.0,0.0,0.0,0.0,0.0,0,0.0,0.0,0.0,0.0,0.0,?,?,?,?,?,0,0.0,0.0,0.0,0.0,0.0,0,0.0,0.0,0.0,0.0,0.0,1,0,1.0,1.0,1.0,1.0,1.0,1.0,1.0,1.0,1.0,1.0,1.0,1.0,1,1,1,0,0.0,0.0,0.0,0.0,0.0,0,0.0,0.0,0.0,0.0,0.0,?,11.538461538499998,0.375,0.09375,?,?
1967826,ucbtheatre/dcm-mobile,False,2011-06-28T18:05:51Z,2011-06-28,362,2012-06-23,218,0.125,0.34375,0.18478260869600002,0.602209944751,0.602209944751,62,0.0,0.0,0.0054347826087,0.171270718232,0.171270718232,60,0.0,0.0,0.0,0.165745856354,0.165745856354,?,?,?,28.9666666667,28.9666666667,342,0.0,0.0,0.0054347826087,0.944751381215,0.944751381215,0,0.0,0.0,0.0,0.0,0.0,0,0.0,0.0,0.0,0.0,0.0,?,?,?,?,?,0,0.0,0.0,0.0,0.0,0.0,0,0.0,0.0,0.0,0.0,0.0,5,0,1.0,1.0,1.0,1.0,1.0,1.0,1.0,1.0,1.0,1.0,2.0,3.0,1,2,3,12,0.0,0.0,0.0,0.0331491712707,0.0331491712707,1,0.0,0.0,0.0,0.00276243093923,0.00276243093923,0.183486238532,15.503875969000001,5.0,1.29032258065,0.217391304348,0.10928961748600001
2613981,mrkipling/maraschino,False,2011-10-20T15:18:23Z,2011-10-20,967,2014-06-12,1676,0.0,0.125,0.229508196721,0.21311475409800001,1.7331954498400002,104,0.125,0.15625,0.0983606557377,0.0901639344262,0.10754912099300001,76,0.0,0.0,0.0273224043716,0.0409836065574,0.07859358841780001,?,?,57.6,56.1333333333,70.17105263159999,576,1.375,1.03125,0.431693989071,0.330601092896,0.595656670114,263,0.0,0.09375,0.06557377049180001,0.08469945355189999,0.27197518097199996,258,0.0,0.09375,0.0546448087432,0.0792349726776,0.26680455015500004,?,78.0,28.7,83.4827586207,34.220930232600004,897,0.0,0.03125,0.387978142077,0.341530054645,0.927611168563,0,0.0,0.0,0.0,0.0,0.0,30,238,1.0,1.0,1.0,1.0,1.0,2.0,1.0,1.0,2.0,1.0,1.0,3.0,1,2,3,61,0.0,0.0,0.0546448087432,0.0382513661202,0.0630816959669,94,0.125,0.125,0.125683060109,0.117486338798,0.0972078593588,?,0.415923945336,0.0,0.0,0.0271739130435,?
8524549,applicationsonline/librarian-chef,False,2013-03-02T17:56:32Z,2013-03-02,439,2014-05-14,36,0.0,0.0,0.021978021978,0.057377049180300004,0.0820045558087,26,0.0,0.0322580645161,0.06043956043959999,0.0546448087432,0.059225512528499995,16,0.0,0.0,0.0274725274725,0.0273224043716,0.0364464692483,?,?,18.8,29.1,40.9375,42,0.0,0.0645161290323,0.07142857142860001,0.09562841530050001,0.0956719817768,6,0.0,0.0,0.010989010989,0.0136612021858,0.0136674259681,5,0.0,0.0,0.005494505494510001,0.0109289617486,0.011389521640099999,?,?,154.0,96.5,77.2,8,0.0,0.0322580645161,0.043956043956,0.021857923497299998,0.0182232346241,0,0.0,0.0,0.0,0.0,0.0,4,0,1.0,1.0,1.0,1.0,1.0,1.0,1.0,1.0,1.0,1.0,1.0,1.0,1,1,1,1,0.0,0.0,0.0,0.0,0.00227790432802,31,0.0,0.0,0.0659340659341,0.0765027322404,0.0706150341686,0.444444444444,30.7692307692,0.375,0.09375,0.0864864864865,?
2290122,geoffreysmith/CombGuidGenerator,False,2011-08-29T18:05:22Z,2011-08-29,1,2011-08-29,2,2.0,2.0,2.0,2.0,2.0,1,1.0,1.0,1.0,1.0,1.0,1,1.0,1.0,1.0,1.0,1.0,0.0,0.0,0.0,0.0,0.0,1,1.0,1.0,1.0,1.0,1.0,0,0.0,0.0,0.0,0.0,0.0,0,0.0,0.0,0.0,0.0,0.0,?,?,?,?,?,0,0.0,0.0,0.0,0.0,0.0,0,0.0,0.0,0.0,0.0,0.0,1,0,1.0,1.0,1.0,1.0,1.0,1.0,1.0,1.0,1.0,1.0,1.0,1.0,1,1,1,0,0.0,0.0,0.0,0.0,0.0,0,0.0,0.0,0.0,0.0,0.0,1.5,75.0,0.375,0.1875,0.0326086956522,0.016348773842
19047031,andyli/hxAnonCls,False,2014-04-22T21:31:26Z,2014-04-22,265,2015-01-11,25,1.75,0.59375,0.10270270270300001,0.09433962264149999,0.09433962264149999,1,0.0,0.0,0.005405405405409999,0.00377358490566,0.00377358490566,1,0.0,0.0,0.005405405405409999,0.00377358490566,0.00377358490566,?,?,120.0,120.0,120.0,2,0.125,0.03125,0.010810810810799999,0.00754716981132,0.00754716981132,0,0.0,0.0,0.0,0.0,0.0,0,0.0,0.0,0.0,0.0,0.0,?,?,?,?,?,0,0.0,0.0,0.0,0.0,0.0,22,1.875,0.6875,0.11891891891899999,0.0830188679245,0.0830188679245,1,0,1.0,1.0,1.0,1.0,1.0,1.0,1.0,1.0,1.0,1.0,1.0,1.0,1,1,1,2,0.0,0.0,0.010810810810799999,0.00754716981132,0.00754716981132,1,0.0,0.0,0.0,0.00377358490566,0.00377358490566,?,10.714285714299999,0.0,0.09375,?,?
